round	UTS_p0.02_1s	CUTS_p0.02_4s	TS	CTS_4s
0	0.534208	0.080770	0.797200	0.574802
1	1.042112	0.159017	1.592800	1.148437
2	1.539760	0.237808	2.390000	1.721198
3	2.029056	0.316972	3.186800	2.294250
4	2.509104	0.395302	3.983920	2.866195
5	2.985584	0.473237	4.780640	3.438606
6	3.456448	0.551185	5.576880	4.010958
7	3.924144	0.629166	6.373520	4.582436
8	4.386496	0.706566	7.170080	5.154322
9	4.846016	0.784007	7.966640	5.724166
10	5.300288	0.861227	8.763120	6.294886
11	5.749600	0.938028	9.560240	6.865022
12	6.197440	1.015069	10.357760	7.437491
13	6.643584	1.092351	11.153840	8.007919
14	7.084672	1.168721	11.951040	8.577006
15	7.521760	1.245612	12.748080	9.146092
16	7.958400	1.321865	13.544720	9.714712
17	8.390848	1.397853	14.341200	10.283216
18	8.822256	1.473965	15.136000	10.850319
19	9.250480	1.549815	15.931760	11.415848
20	9.676768	1.625994	16.727600	11.983185
21	10.099184	1.702025	17.524080	12.547665
22	10.520720	1.777489	18.319840	13.113310
23	10.936688	1.852573	19.114720	13.678198
24	11.349472	1.927592	19.910080	14.243669
25	11.763200	2.002680	20.705600	14.808439
26	12.171744	2.077275	21.501600	15.373327
27	12.579568	2.151691	22.298080	15.936407
28	12.985776	2.226352	23.093840	16.497970
29	13.388912	2.300220	23.889760	17.059416
30	13.789008	2.374317	24.685680	17.621038
31	14.189344	2.448078	25.481200	18.180035
32	14.588608	2.522191	26.276160	18.738799
33	14.983504	2.596137	27.071840	19.298730
34	15.375264	2.669665	27.867200	19.856035
35	15.765728	2.743008	28.661840	20.412233
36	16.156320	2.816084	29.457280	20.965049
37	16.544384	2.889996	30.251840	21.518680
38	16.931200	2.963200	31.047120	22.071437
39	17.316208	3.036071	31.842640	22.623203
40	17.697072	3.109056	32.637760	23.173977
41	18.078592	3.182174	33.432720	23.724984
42	18.456800	3.254077	34.227440	24.270684
43	18.832800	3.326045	35.021680	24.818368
44	19.205280	3.398212	35.816640	25.366517
45	19.579952	3.469744	36.610880	25.909535
46	19.952032	3.542244	37.405760	26.452902
47	20.319712	3.613970	38.201280	26.993820
48	20.688576	3.686120	38.997040	27.535088
49	21.057232	3.757649	39.791760	28.073032
50	21.423200	3.829699	40.586400	28.611850
51	21.789440	3.901054	41.381840	29.144312
52	22.151728	3.972044	42.176240	29.677240
53	22.512016	4.042771	42.970080	30.208010
54	22.871840	4.113494	43.764400	30.733882
55	23.230880	4.183952	44.559360	31.260453
56	23.588928	4.254636	45.353920	31.786091
57	23.943792	4.324469	46.148560	32.306714
58	24.298656	4.395232	46.942800	32.825062
59	24.654752	4.465012	47.736720	33.338920
60	25.007488	4.534550	48.530880	33.853535
61	25.359728	4.604415	49.324160	34.362027
62	25.707808	4.674064	50.118160	34.869645
63	26.055632	4.743549	50.912720	35.371896
64	26.402608	4.812602	51.706720	35.873973
65	26.748992	4.881972	52.502720	36.368060
66	27.092112	4.951544	53.296880	36.860048
67	27.433680	5.020990	54.091680	37.347545
68	27.775200	5.089566	54.887440	37.833584
69	28.114896	5.158681	55.680640	38.312508
70	28.453072	5.227150	56.474720	38.789682
71	28.791088	5.294715	57.269040	39.264290
72	29.126048	5.362827	58.062880	39.729509
73	29.463104	5.430793	58.855040	40.195719
74	29.797808	5.498203	59.648720	40.656738
75	30.130448	5.565820	60.443440	41.112392
76	30.462560	5.634102	61.237440	41.560115
77	30.794336	5.701106	62.031040	42.006555
78	31.121632	5.768716	62.824480	42.450370
79	31.449536	5.836668	63.619760	42.889519
80	31.776912	5.903580	64.412720	43.326861
81	32.103520	5.970451	65.206240	43.757146
82	32.428576	6.037060	65.999040	44.184223
83	32.750864	6.103449	66.791280	44.608968
84	33.074240	6.169961	67.584000	45.027414
85	33.394496	6.236679	68.377360	45.445277
86	33.714912	6.303049	69.171600	45.861157
87	34.037232	6.368970	69.963360	46.268580
88	34.357328	6.435393	70.755840	46.672854
89	34.675568	6.500989	71.547440	47.076954
90	34.992944	6.566711	72.339200	47.469681
91	35.305824	6.631952	73.131280	47.861066
92	35.619264	6.697643	73.924960	48.249011
93	35.933280	6.762709	74.718400	48.638588
94	36.243920	6.827883	75.511280	49.018193
95	36.552224	6.892629	76.303120	49.397390
96	36.861264	6.957270	77.095200	49.771979
97	37.167136	7.021719	77.888080	50.145169
98	37.475088	7.086477	78.679680	50.519292
99	37.780432	7.150342	79.471280	50.889157
100	38.083392	7.214803	80.262960	51.256457
101	38.388208	7.278872	81.055360	51.617516
102	38.690912	7.342640	81.847680	51.977350
103	38.993872	7.406622	82.637840	52.328670
104	39.294320	7.470304	83.430720	52.678356
105	39.595008	7.534315	84.222160	53.028976
106	39.896288	7.598193	85.014160	53.374172
107	40.194720	7.662049	85.806000	53.716744
108	40.491120	7.725158	86.597600	54.059957
109	40.786288	7.788927	87.388320	54.397572
110	41.078096	7.852018	88.179600	54.730054
111	41.369680	7.913734	88.968640	55.058279
112	41.659312	7.976102	89.759680	55.382363
113	41.951376	8.039326	90.551680	55.706273
114	42.239840	8.101395	91.341840	56.028840
115	42.526880	8.164080	92.130560	56.348784
116	42.812368	8.226540	92.920480	56.667095
117	43.098096	8.288266	93.711680	56.980740
118	43.383712	8.350695	94.502320	57.288844
119	43.668976	8.411627	95.294560	57.594208
120	43.953440	8.473356	96.084880	57.903712
121	44.236848	8.535062	96.874720	58.207209
122	44.517856	8.596647	97.665280	58.506099
123	44.797824	8.657379	98.455360	58.801257
124	45.075936	8.719001	99.244800	59.098339
125	45.351392	8.779892	100.035440	59.389472
126	45.628752	8.840389	100.826240	59.677923
127	45.905424	8.901391	101.615280	59.965965
128	46.179600	8.962020	102.404560	60.250392
129	46.453904	9.022357	103.192160	60.531786
130	46.725328	9.082614	103.982720	60.812364
131	46.995952	9.143202	104.768560	61.083143
132	47.267712	9.202774	105.558480	61.353223
133	47.536096	9.262826	106.346240	61.621670
134	47.805296	9.322457	107.135520	61.882069
135	48.072576	9.381508	107.923360	62.144334
136	48.336992	9.441058	108.711360	62.402925
137	48.602160	9.500911	109.500960	62.662857
138	48.865152	9.560776	110.289840	62.914333
139	49.126976	9.619608	111.076800	63.166567
140	49.390864	9.679087	111.864800	63.411569
141	49.651504	9.738263	112.653600	63.653656
142	49.911952	9.796424	113.440240	63.900991
143	50.170128	9.855311	114.226800	64.136953
144	50.428016	9.913469	115.014000	64.376474
145	50.684208	9.971961	115.801840	64.609170
146	50.941104	10.029902	116.589600	64.840059
147	51.196144	10.088379	117.377600	65.069140
148	51.449552	10.146603	118.165840	65.296122
149	51.701856	10.204307	118.951360	65.513889
150	51.954528	10.261714	119.737040	65.726698
151	52.203584	10.319311	120.522800	65.948314
152	52.451536	10.376972	121.307600	66.157450
153	52.701456	10.434217	122.092240	66.365186
154	52.949024	10.491656	122.878640	66.574146
155	53.196352	10.548627	123.662640	66.778558
156	53.440400	10.605800	124.445760	66.980812
157	53.682528	10.662869	125.230400	67.177758
158	53.924960	10.719737	126.015040	67.370273
159	54.163504	10.776290	126.800160	67.560921
160	54.401696	10.832796	127.584640	67.744629
161	54.640320	10.888818	128.369440	67.927112
162	54.878000	10.945116	129.152640	68.108545
163	55.114880	11.001309	129.934400	68.284847
164	55.348704	11.056709	130.718560	68.459165
165	55.581296	11.112683	131.503120	68.630743
166	55.812400	11.168560	132.286080	68.796022
167	56.042496	11.224121	133.069680	68.961300
168	56.270048	11.279871	133.850880	69.125005
169	56.500496	11.335174	134.632800	69.286551
170	56.726272	11.390877	135.415600	69.446290
171	56.952480	11.445616	136.197360	69.600429
172	57.178640	11.500651	136.978160	69.751945
173	57.402624	11.555350	137.760400	69.903227
174	57.624704	11.610028	138.538880	70.053576
175	57.846208	11.664571	139.318720	70.197218
176	58.066544	11.719617	140.098560	70.337886
177	58.287312	11.774206	140.878720	70.476104
178	58.506160	11.827940	141.659120	70.612923
179	58.723440	11.881757	142.439200	70.748867
180	58.938832	11.935639	143.218880	70.879212
181	59.157168	11.989423	143.999360	71.007166
182	59.371600	12.042647	144.778240	71.131213
183	59.586592	12.096221	145.555760	71.251469
184	59.797296	12.149450	146.334080	71.368109
185	60.007712	12.202348	147.111040	71.482124
186	60.218864	12.256049	147.890640	71.596723
187	60.427392	12.309451	148.665760	71.709922
188	60.636064	12.362958	149.443360	71.824229
189	60.842960	12.415771	150.218160	71.932996
190	61.047920	12.469204	150.997280	72.037622
191	61.251776	12.521947	151.773280	72.139799
192	61.454624	12.574119	152.550000	72.240576
193	61.657312	12.626499	153.325920	72.340711
194	61.860016	12.679174	154.098480	72.437931
195	62.059120	12.731299	154.875200	72.532701
196	62.258256	12.782925	155.647840	72.627062
197	62.456160	12.835181	156.422080	72.718392
198	62.654192	12.887472	157.193680	72.804530
199	62.849584	12.939519	157.963680	72.889794
200	63.044208	12.990923	158.735600	72.969692
201	63.238880	13.042065	159.503840	73.052215
202	63.432992	13.093239	160.271600	73.130656
203	63.625328	13.144296	161.043360	73.205364
204	63.816544	13.195109	161.812800	73.281879
205	64.006272	13.245425	162.582560	73.356121
206	64.198000	13.296273	163.351760	73.428846
207	64.385696	13.347030	164.119280	73.498596
208	64.572464	13.397648	164.888240	73.565664
209	64.759376	13.448130	165.655600	73.632791
210	64.944976	13.498069	166.422080	73.698809
211	65.130192	13.548765	167.189680	73.763369
212	65.313056	13.598783	167.955680	73.827171
213	65.494976	13.648726	168.720080	73.885666
214	65.675136	13.699020	169.483920	73.944336
215	65.855296	13.748628	170.245280	74.002306
216	66.035344	13.798193	171.009440	74.056544
217	66.212576	13.848337	171.772720	74.110665
218	66.387600	13.897678	172.533040	74.165777
219	66.563248	13.947047	173.294240	74.216982
220	66.736976	13.996188	174.055360	74.265155
221	66.909968	14.045457	174.815520	74.312802
222	67.081632	14.095091	175.571840	74.360100
223	67.249888	14.144350	176.329040	74.405764
224	67.419968	14.192948	177.083520	74.451020
225	67.587744	14.241786	177.844240	74.493536
226	67.753520	14.290374	178.601920	74.535759
227	67.921184	14.339455	179.357360	74.577575
228	68.088064	14.388404	180.112320	74.616183
229	68.254144	14.436871	180.867120	74.655024
230	68.417648	14.485112	181.617200	74.694740
231	68.580544	14.533930	182.367760	74.729848
232	68.743808	14.582106	183.118560	74.766473
233	68.905200	14.630125	183.867440	74.803390
234	69.065760	14.678014	184.619360	74.838440
235	69.225552	14.726377	185.369520	74.870691
236	69.386688	14.774425	186.116000	74.901192
237	69.546432	14.822324	186.864720	74.931985
238	69.703968	14.869743	187.612320	74.961845
239	69.860272	14.917371	188.354720	74.992230
240	70.017696	14.964133	189.098720	75.022148
241	70.171968	15.011976	189.838320	75.049675
242	70.324128	15.058979	190.580560	75.075744
243	70.476848	15.106307	191.316320	75.101813
244	70.630672	15.153277	192.057840	75.128116
245	70.782384	15.199894	192.796640	75.153018
246	70.935440	15.245959	193.534160	75.178271
247	71.085648	15.292720	194.273760	75.202940
248	71.235504	15.339121	195.008880	75.225160
249	71.384864	15.385310	195.747040	75.247730
250	71.532752	15.431689	196.480560	75.270591
251	71.680544	15.478077	197.213200	75.291587
252	71.828656	15.524000	197.945680	75.312057
253	71.975072	15.569231	198.677760	75.333694
254	72.122128	15.614999	199.407200	75.353172
255	72.267136	15.660428	200.136880	75.372360
256	72.412160	15.706119	200.867440	75.389972
257	72.556224	15.752501	201.593440	75.407702
258	72.698176	15.797650	202.322160	75.425548
259	72.840704	15.843145	203.048240	75.443860
260	72.980384	15.887714	203.774000	75.461881
261	73.119616	15.933127	204.500400	75.477569
262	73.256656	15.978049	205.220720	75.492966
263	73.395696	16.023026	205.943600	75.506787
264	73.534112	16.068107	206.662720	75.522475
265	73.669392	16.113174	207.382000	75.537405
266	73.805712	16.157705	208.097760	75.552335
267	73.940800	16.202701	208.812880	75.566157
268	74.076176	16.246989	209.523440	75.579279
269	74.211216	16.291403	210.240080	75.593626
270	74.345824	16.335616	210.958240	75.605173
271	74.480640	16.380278	211.673520	75.618354
272	74.612736	16.424646	212.385920	75.630892
273	74.745168	16.468313	213.100640	75.642790
274	74.876896	16.511817	213.807920	75.654804
275	75.008336	16.555839	214.514880	75.665301
276	75.139200	16.599921	215.220880	75.674866
277	75.269216	16.643521	215.927280	75.684605
278	75.397168	16.686607	216.630720	75.694228
279	75.524496	16.730138	217.332720	75.703967
280	75.652032	16.773682	218.036400	75.713765
281	75.779232	16.817108	218.740720	75.721872
282	75.905808	16.860112	219.448640	75.730911
283	76.031968	16.903322	220.152480	75.739309
284	76.155392	16.946389	220.855200	75.750273
285	76.278592	16.989282	221.557680	75.757738
286	76.402224	17.032239	222.257760	75.766953
287	76.524928	17.074612	222.956640	75.774185
288	76.645824	17.117273	223.656000	75.782349
289	76.767376	17.160003	224.354640	75.788765
290	76.886640	17.202024	225.052320	75.796696
291	77.005760	17.244342	225.745120	75.803811
292	77.123968	17.286636	226.440960	75.810693
293	77.240880	17.328830	227.132480	75.818333
294	77.358256	17.371350	227.826080	75.825098
295	77.475936	17.413267	228.518480	75.830463
296	77.591312	17.455174	229.215520	75.836820
297	77.706960	17.496739	229.911520	75.843527
298	77.821360	17.539084	230.601200	75.848892
299	77.935600	17.580939	231.289440	75.853908
300	78.048992	17.622796	231.977920	75.858749
301	78.162864	17.664783	232.669680	75.863881
302	78.275472	17.706277	233.361440	75.869130
303	78.387552	17.747892	234.052640	75.874203
304	78.498016	17.789364	234.740000	75.878811
305	78.610208	17.831002	235.428080	75.883243
306	78.719728	17.872269	236.111360	75.887617
307	78.829472	17.913886	236.798080	75.892341
308	78.937920	17.954847	237.484160	75.897531
309	79.045632	17.996415	238.168800	75.902255
310	79.153808	18.038087	238.851120	75.907504
311	79.262096	18.079308	239.536480	75.912053
312	79.368912	18.120245	240.222960	75.916544
313	79.477024	18.161707	240.905680	75.920451
314	79.583312	18.203031	241.588160	75.924184
315	79.690224	18.243673	242.271040	75.927683
316	79.795488	18.284450	242.961680	75.930949
317	79.902224	18.325036	243.648400	75.934215
318	80.006880	18.365729	244.334480	75.938355
319	80.110512	18.406039	245.013120	75.942146
320	80.214336	18.446360	245.689520	75.945645
321	80.316128	18.486885	246.373520	75.948853
322	80.420016	18.527393	247.055040	75.951827
323	80.522352	18.568170	247.737760	75.954568
324	80.624864	18.608334	248.417520	75.957426
325	80.725424	18.648791	249.097200	75.960400
326	80.825936	18.688724	249.778560	75.963083
327	80.924720	18.729336	250.457360	75.965766
328	81.023776	18.769637	251.138400	75.968390
329	81.122192	18.809722	251.818960	75.970665
330	81.220224	18.849571	252.496720	75.973289
331	81.317616	18.889816	253.173840	75.975797
332	81.413824	18.930202	253.849600	75.978305
333	81.509424	18.970007	254.526640	75.980987
334	81.604688	19.010198	255.205200	75.983378
335	81.700608	19.050329	255.882640	75.985711
336	81.795808	19.090110	256.556640	75.987752
337	81.890128	19.130330	257.227680	75.989677
338	81.984064	19.170235	257.904400	75.991951
339	82.077408	19.209833	258.579600	75.993934
340	82.170528	19.250063	259.255600	75.995684
341	82.264176	19.290165	259.928160	75.998017
342	82.357408	19.330122	260.597360	75.999766
343	82.449024	19.369915	261.271440	76.001924
344	82.540944	19.409981	261.949600	76.003615
345	82.632208	19.449966	262.622240	76.005540
346	82.720848	19.489724	263.296400	76.007056
347	82.810704	19.529659	263.967040	76.008806
348	82.899904	19.569105	264.642640	76.010847
349	82.990176	19.608866	265.318080	76.012538
350	83.079328	19.648460	265.989040	76.014638
351	83.167072	19.688341	266.659840	76.016329
352	83.254992	19.727969	267.328000	76.017904
353	83.342448	19.767818	267.999280	76.019712
354	83.428272	19.807737	268.668960	76.021111
355	83.512800	19.847258	269.340720	76.022394
356	83.599520	19.886789	270.009120	76.024027
357	83.685568	19.926050	270.676320	76.025310
358	83.770000	19.966258	271.346160	76.027177
359	83.855424	20.005731	272.014240	76.028518
360	83.938400	20.045186	272.677440	76.029976
361	84.024080	20.084554	273.347280	76.031376
362	84.108304	20.124337	274.014000	76.032600
363	84.190864	20.163614	274.682640	76.033942
364	84.273600	20.202785	275.352320	76.035283
365	84.356656	20.241689	276.020960	76.036216
366	84.438944	20.281134	276.689200	76.037908
367	84.521312	20.320348	277.358480	76.039132
368	84.600928	20.359156	278.022720	76.040590
369	84.680912	20.398259	278.690400	76.041407
370	84.760144	20.437079	279.356480	76.042748
371	84.839920	20.476028	280.025120	76.043681
372	84.919952	20.515184	280.689600	76.044614
373	84.997232	20.553581	281.356560	76.045781
374	85.075888	20.592691	282.024080	76.046656
375	85.153952	20.631536	282.689600	76.047472
376	85.230496	20.670181	283.355920	76.048813
377	85.308704	20.708847	284.018720	76.049980
378	85.386464	20.747979	284.683760	76.051146
379	85.463216	20.786590	285.347920	76.052196
380	85.540384	20.825626	286.013360	76.052779
381	85.616288	20.864176	286.676560	76.053246
382	85.691248	20.902548	287.342720	76.054237
383	85.765584	20.941182	288.006640	76.054995
384	85.839792	20.980034	288.668400	76.055695
385	85.914160	21.018637	289.332400	76.056628
386	85.987632	21.057667	289.994160	76.057620
387	86.060800	21.096708	290.653280	76.058436
388	86.133872	21.135321	291.308800	76.059136
389	86.205888	21.173966	291.967200	76.059719
390	86.278096	21.212487	292.627120	76.060361
391	86.350784	21.250824	293.287680	76.060827
392	86.421968	21.288865	293.951680	76.061236
393	86.493984	21.326971	294.603600	76.062110
394	86.566400	21.365962	295.262960	76.062810
395	86.637536	21.404648	295.921600	76.063218
396	86.707904	21.442969	296.582640	76.063977
397	86.778192	21.481401	297.237440	76.064676
398	86.848320	21.519010	297.893360	76.065260
399	86.917760	21.557135	298.548560	76.066076
400	86.985056	21.595240	299.211760	76.066484
401	87.054736	21.633550	299.871520	76.067068
402	87.122864	21.671841	300.527200	76.067767
403	87.190144	21.709554	301.183760	76.068117
404	87.258336	21.748009	301.840640	76.068467
405	87.325328	21.786042	302.497120	76.068992
406	87.391600	21.824467	303.151280	76.069517
407	87.458624	21.862735	303.805680	76.070334
408	87.525344	21.900511	304.460480	76.070800
409	87.590976	21.938701	305.116880	76.071208
410	87.656528	21.976156	305.769920	76.071792
411	87.721488	22.014392	306.428720	76.072550
412	87.786928	22.052433	307.083120	76.073191
413	87.852336	22.090330	307.732720	76.073949
414	87.917888	22.127861	308.382720	76.074358
415	87.982576	22.165613	309.031360	76.074882
416	88.047568	22.203730	309.682160	76.075232
417	88.113216	22.241094	310.326160	76.075757
418	88.177984	22.278450	310.970320	76.076340
419	88.241792	22.316037	311.621760	76.076865
420	88.304384	22.353968	312.269840	76.077099
421	88.367552	22.392083	312.917600	76.077507
422	88.429904	22.429574	313.572560	76.077973
423	88.492176	22.466957	314.218960	76.078382
424	88.554544	22.503814	314.866000	76.078673
425	88.616528	22.540974	315.514400	76.079140
426	88.677984	22.577547	316.159760	76.079490
427	88.740112	22.614247	316.806160	76.080015
428	88.801120	22.651329	317.455040	76.080598
429	88.862736	22.688351	318.098880	76.080773
430	88.922736	22.725417	318.740560	76.081414
431	88.982032	22.763124	319.385920	76.081706
432	89.041200	22.799990	320.016560	76.082114
433	89.101136	22.836937	320.662800	76.082406
434	89.160352	22.874017	321.304720	76.082872
435	89.219984	22.910976	321.944720	76.083339
436	89.279536	22.948027	322.581440	76.083805
437	89.338944	22.984621	323.221520	76.084389
438	89.396752	23.021311	323.863440	76.084739
439	89.455344	23.057822	324.499440	76.085088
440	89.513184	23.094603	325.134160	76.085555
441	89.570640	23.131537	325.774080	76.086022
442	89.628608	23.167740	326.416000	76.086313
443	89.685984	23.204119	327.047760	76.086488
444	89.741488	23.240524	327.677920	76.086780
445	89.797712	23.277018	328.313200	76.087130
446	89.853600	23.313362	328.950480	76.087480
447	89.909440	23.349762	329.583760	76.087946
448	89.964512	23.386247	330.214800	76.088354
449	90.020432	23.422441	330.846800	76.088763
450	90.075600	23.458321	331.476800	76.088996
451	90.129856	23.494776	332.108720	76.089229
452	90.184608	23.531167	332.738880	76.089462
453	90.240608	23.567813	333.369760	76.089696
454	90.296032	23.603911	333.997280	76.089929
455	90.350688	23.640129	334.620000	76.090337
456	90.405632	23.676179	335.255840	76.090512
457	90.458960	23.712081	335.882880	76.090687
458	90.512960	23.748289	336.509040	76.090920
459	90.566208	23.783688	337.134080	76.091212
460	90.619856	23.819373	337.761280	76.091562
461	90.674592	23.855189	338.385680	76.091795
462	90.727408	23.890489	339.008880	76.092087
463	90.780016	23.926171	339.635360	76.092262
464	90.831520	23.961559	340.260800	76.092495
465	90.882720	23.996967	340.878160	76.092787
466	90.933312	24.032354	341.500800	76.093020
467	90.983856	24.067314	342.118000	76.093428
468	91.035184	24.102451	342.738720	76.093662
469	91.086192	24.137669	343.359200	76.093778
470	91.136864	24.173312	343.975600	76.094011
471	91.186960	24.208013	344.593360	76.094186
472	91.237056	24.242923	345.213760	76.094478
473	91.287056	24.277714	345.832480	76.094653
474	91.337472	24.312491	346.451760	76.094828
475	91.387552	24.348026	347.067440	76.094945
476	91.438512	24.383211	347.682800	76.095003
477	91.487376	24.417897	348.299520	76.095294
478	91.537216	24.452716	348.910800	76.095469
479	91.587792	24.486854	349.519040	76.095761
480	91.636240	24.521931	350.136080	76.096286
481	91.685408	24.556786	350.747680	76.096344
482	91.734304	24.591535	351.358160	76.096578
483	91.783568	24.625542	351.962480	76.096869
484	91.831152	24.660225	352.567360	76.097219
485	91.877792	24.695027	353.174960	76.097277
486	91.926096	24.729502	353.786960	76.097452
487	91.973136	24.763988	354.396640	76.097511
488	92.020816	24.797755	355.002080	76.097919
489	92.068224	24.832077	355.611840	76.098036
490	92.115088	24.866400	356.217280	76.098327
491	92.162368	24.900819	356.821040	76.098444
492	92.209808	24.934194	357.429680	76.098677
493	92.255952	24.968110	358.030800	76.098910
494	92.302288	25.002219	358.632960	76.099085
495	92.348080	25.036157	359.231600	76.099260
496	92.393856	25.070125	359.832320	76.099260
497	92.438176	25.103257	360.428960	76.099435
498	92.484272	25.137205	361.027920	76.099552
499	92.529376	25.171017	361.626160	76.099668
500	92.573600	25.204548	362.217040	76.099727
501	92.619408	25.237867	362.814000	76.099902
502	92.663888	25.271892	363.406560	76.100077
503	92.708128	25.305184	364.002320	76.100252
504	92.752512	25.338161	364.595200	76.100485
505	92.797008	25.371824	365.188960	76.100543
506	92.841488	25.404852	365.779040	76.100660
507	92.885184	25.437891	366.364560	76.100777
508	92.929008	25.471357	366.958240	76.100952
509	92.972944	25.504738	367.547280	76.101185
510	93.015664	25.537915	368.134160	76.101301
511	93.059760	25.570700	368.724960	76.101535
512	93.103296	25.603540	369.312320	76.101593
513	93.145328	25.636399	369.898960	76.101768
514	93.187040	25.669636	370.485280	76.101943
515	93.230336	25.702470	371.073440	76.102060
516	93.271424	25.735529	371.654080	76.102118
517	93.312496	25.768588	372.230560	76.102176
518	93.352944	25.801403	372.808560	76.102235
519	93.392928	25.834025	373.388800	76.102410
520	93.434192	25.867195	373.961040	76.102468
521	93.474688	25.899724	374.539920	76.102584
522	93.516160	25.932083	375.120240	76.102759
523	93.557664	25.964643	375.695120	76.102934
524	93.596288	25.996602	376.266640	76.103051
525	93.636320	26.029214	376.841360	76.103109
526	93.676480	26.061533	377.412000	76.103168
527	93.716944	26.093573	377.984960	76.103401
528	93.756592	26.125757	378.553920	76.103518
529	93.795776	26.157609	379.125680	76.103576
530	93.835696	26.190088	379.692000	76.103634
531	93.875440	26.222214	380.259760	76.103751
532	93.915216	26.254043	380.827280	76.103868
533	93.953904	26.286291	381.395760	76.103984
534	93.992256	26.318031	381.962320	76.104159
535	94.030976	26.349660	382.523040	76.104392
536	94.068352	26.381873	383.086880	76.104626
537	94.107216	26.414086	383.644560	76.104742
538	94.145408	26.445900	384.201920	76.104801
539	94.183856	26.477391	384.763520	76.104917
540	94.221136	26.508939	385.324640	76.104976
541	94.259024	26.540966	385.886320	76.105092
542	94.295616	26.571728	386.439680	76.105209
543	94.332384	26.602840	386.995440	76.105326
544	94.369696	26.634169	387.548480	76.105384
545	94.406016	26.665393	388.099600	76.105500
546	94.442976	26.696391	388.652640	76.105559
547	94.480128	26.727983	389.200640	76.105675
548	94.516560	26.759083	389.748880	76.105734
549	94.551936	26.790294	390.297840	76.105792
550	94.589120	26.821532	390.845280	76.105850
551	94.625776	26.852068	391.388560	76.105967
552	94.661776	26.882953	391.935440	76.106025
553	94.698560	26.914024	392.477600	76.106084
554	94.734464	26.944672	393.017920	76.106200
555	94.769968	26.975200	393.557200	76.106259
556	94.805824	27.005863	394.093520	76.106259
557	94.841456	27.036236	394.632400	76.106434
558	94.875792	27.066351	395.167360	76.106492
559	94.911184	27.096637	395.704720	76.106609
560	94.944736	27.126774	396.239040	76.106784
561	94.979584	27.156965	396.765360	76.106842
562	95.013712	27.187437	397.291600	76.106900
563	95.047072	27.217549	397.824960	76.106958
564	95.081760	27.247301	398.354880	76.107075
565	95.116080	27.277334	398.885280	76.107133
566	95.150496	27.308021	399.420240	76.107250
567	95.184464	27.338414	399.948480	76.107308
568	95.217296	27.368434	400.476480	76.107425
569	95.251728	27.398600	400.994400	76.107483
570	95.284720	27.428607	401.517440	76.107542
571	95.317680	27.458981	402.037040	76.107658
572	95.349408	27.488490	402.566240	76.107775
573	95.382912	27.518296	403.085760	76.107833
574	95.416720	27.548003	403.601840	76.107892
575	95.448496	27.577598	404.119040	76.108008
576	95.481280	27.607163	404.630800	76.108008
577	95.513952	27.636839	405.144240	76.108008
578	95.546592	27.666388	405.655520	76.108067
579	95.579584	27.695795	406.165920	76.108125
580	95.612528	27.725356	406.672000	76.108242
581	95.643984	27.754366	407.180880	76.108358
582	95.676336	27.783481	407.689840	76.108416
583	95.708896	27.812693	408.196160	76.108533
584	95.740592	27.842215	408.700880	76.108591
585	95.772096	27.871576	409.203440	76.108650
586	95.803216	27.900542	409.710080	76.108708
587	95.835232	27.929350	410.212560	76.108766
588	95.866480	27.958383	410.707440	76.108766
589	95.897744	27.986868	411.207040	76.108766
590	95.928272	28.016580	411.701440	76.108825
591	95.959424	28.045484	412.201120	76.108825
592	95.989584	28.074128	412.694560	76.108883
593	96.021008	28.103307	413.192480	76.108883
594	96.051680	28.131737	413.684560	76.108883
595	96.082624	28.160679	414.177760	76.108883
596	96.113008	28.189372	414.669680	76.109000
597	96.143120	28.217885	415.161680	76.109000
598	96.173344	28.246532	415.658800	76.109000
599	96.203536	28.275257	416.146400	76.109000
600	96.233648	28.304013	416.631440	76.109000
601	96.263856	28.332275	417.118080	76.109058
602	96.294432	28.360860	417.602320	76.109116
603	96.324944	28.389185	418.084160	76.109233
604	96.355008	28.417037	418.575040	76.109233
605	96.384304	28.445093	419.055760	76.109233
606	96.413776	28.473501	419.525200	76.109233
607	96.443072	28.501358	420.001120	76.109233
608	96.473104	28.529470	420.475360	76.109408
609	96.502112	28.557636	420.949920	76.109408
610	96.530800	28.585390	421.424240	76.109466
611	96.561744	28.613353	421.898000	76.109466
612	96.590256	28.641023	422.375600	76.109466
613	96.619264	28.668341	422.846000	76.109466
614	96.647280	28.696182	423.309520	76.109466
615	96.676288	28.723461	423.775120	76.109466
616	96.704848	28.751558	424.242480	76.109525
617	96.732800	28.778490	424.714320	76.109525
618	96.762192	28.805635	425.181440	76.109525
619	96.791264	28.833102	425.643680	76.109525
620	96.819808	28.860507	426.103360	76.109583
621	96.847856	28.888004	426.570720	76.109583
622	96.876608	28.915549	427.032080	76.109583
623	96.904560	28.942526	427.492000	76.109583
624	96.932976	28.969756	427.950960	76.109583
625	96.961056	28.996881	428.412400	76.109583
626	96.988176	29.023587	428.869200	76.109583
627	97.015760	29.050822	429.317840	76.109583
628	97.043504	29.078258	429.766400	76.109583
629	97.070576	29.104704	430.212800	76.109583
630	97.096992	29.131451	430.653840	76.109641
631	97.124032	29.157813	431.099200	76.109641
632	97.151760	29.184617	431.542480	76.109641
633	97.178896	29.211689	431.985280	76.109700
634	97.205952	29.238113	432.423520	76.109700
635	97.232672	29.264771	432.866320	76.109700
636	97.260096	29.290858	433.306400	76.109700
637	97.287120	29.317250	433.748560	76.109700
638	97.313136	29.343119	434.182640	76.109700
639	97.339568	29.369568	434.616640	76.109700
640	97.366592	29.395535	435.056160	76.109700
641	97.392624	29.421717	435.491200	76.109700
642	97.418352	29.448063	435.925200	76.109758
643	97.444880	29.474035	436.351920	76.109758
644	97.471136	29.499596	436.772880	76.109758
645	97.497152	29.525981	437.201600	76.109758
646	97.523408	29.552288	437.625600	76.109816
647	97.549488	29.578129	438.052960	76.109874
648	97.576192	29.604239	438.476080	76.109933
649	97.601472	29.629988	438.902160	76.109933
650	97.625888	29.656098	439.328560	76.109991
651	97.650416	29.681916	439.752960	76.110049
652	97.674848	29.707903	440.168400	76.110049
653	97.699376	29.733327	440.583840	76.110049
654	97.723424	29.758550	441.003280	76.110049
655	97.747424	29.784285	441.418160	76.110049
656	97.772112	29.809778	441.829200	76.110049
657	97.796080	29.835342	442.246400	76.110049
658	97.820928	29.860430	442.660240	76.110049
659	97.845152	29.885929	443.070800	76.110049
660	97.868400	29.911407	443.485120	76.110049
661	97.893152	29.936383	443.893200	76.110108
662	97.917824	29.961655	444.298640	76.110108
663	97.941552	29.986866	444.701600	76.110108
664	97.965712	30.011520	445.106320	76.110108
665	97.990224	30.036357	445.511200	76.110108
666	98.014704	30.061115	445.917680	76.110108
667	98.038992	30.085702	446.327120	76.110108
668	98.063536	30.110378	446.726240	76.110108
669	98.087072	30.135178	447.123360	76.110108
670	98.111664	30.159594	447.519520	76.110108
671	98.135440	30.184288	447.918560	76.110108
672	98.159856	30.208459	448.310800	76.110108
673	98.183712	30.233106	448.702240	76.110108
674	98.207392	30.257815	449.092560	76.110108
675	98.231200	30.282388	449.482720	76.110108
676	98.255104	30.306700	449.876160	76.110108
677	98.279072	30.331085	450.257440	76.110166
678	98.302528	30.355428	450.646080	76.110166
679	98.325760	30.379838	451.034880	76.110166
680	98.349280	30.403957	451.422560	76.110166
681	98.374112	30.427966	451.809520	76.110166
682	98.396928	30.452168	452.199280	76.110166
683	98.420304	30.476366	452.575440	76.110166
684	98.443056	30.499819	452.960960	76.110166
685	98.465616	30.523888	453.340560	76.110224
686	98.487712	30.548063	453.724160	76.110224
687	98.510944	30.571779	454.104640	76.110224
688	98.533712	30.595926	454.481520	76.110283
689	98.555920	30.619604	454.857200	76.110283
690	98.578832	30.643251	455.235440	76.110341
691	98.600336	30.666730	455.609280	76.110341
692	98.622608	30.690561	455.984160	76.110341
693	98.645312	30.714200	456.366880	76.110458
694	98.667200	30.737547	456.730800	76.110458
695	98.689872	30.760875	457.097520	76.110458
696	98.712288	30.783827	457.468400	76.110458
697	98.734304	30.806952	457.843600	76.110458
698	98.756688	30.830507	458.213280	76.110458
699	98.778544	30.853914	458.586240	76.110458
700	98.800688	30.877095	458.939760	76.110458
701	98.821984	30.899808	459.305840	76.110458
702	98.843200	30.922926	459.669520	76.110458
703	98.865168	30.945762	460.031280	76.110458
704	98.886752	30.968831	460.391440	76.110458
705	98.908432	30.992164	460.748000	76.110458
706	98.929456	31.014873	461.105280	76.110458
707	98.952176	31.037786	461.458400	76.110458
708	98.973536	31.060795	461.818960	76.110458
709	98.994976	31.083672	462.172000	76.110516
710	99.016512	31.106113	462.517120	76.110516
711	99.038464	31.128565	462.866720	76.110516
712	99.058592	31.150927	463.214880	76.110516
713	99.079536	31.173241	463.563840	76.110516
714	99.101200	31.195691	463.909600	76.110516
715	99.121520	31.218477	464.250160	76.110516
716	99.142336	31.240781	464.592000	76.110516
717	99.162512	31.263129	464.936400	76.110516
718	99.182912	31.284791	465.276960	76.110516
719	99.204176	31.306947	465.618080	76.110516
720	99.224896	31.329238	465.956560	76.110516
721	99.245104	31.351508	466.294960	76.110516
722	99.265168	31.373402	466.631680	76.110516
723	99.284624	31.395509	466.971280	76.110516
724	99.304432	31.417633	467.310880	76.110516
725	99.324800	31.439510	467.646080	76.110516
726	99.344928	31.461502	467.975600	76.110516
727	99.365392	31.483220	468.305600	76.110516
728	99.384480	31.505184	468.633840	76.110516
729	99.404640	31.526959	468.966960	76.110516
730	99.424464	31.548621	469.304400	76.110516
731	99.443360	31.570366	469.635760	76.110516
732	99.462816	31.591855	469.962240	76.110516
733	99.482288	31.613456	470.293360	76.110516
734	99.501648	31.635226	470.617920	76.110516
735	99.521056	31.656277	470.947440	76.110516
736	99.539840	31.678052	471.276160	76.110574
737	99.559792	31.699743	471.607840	76.110691
738	99.579584	31.721415	471.932400	76.110691
739	99.598880	31.742396	472.254880	76.110691
740	99.618496	31.763668	472.575200	76.110691
741	99.637280	31.784837	472.901520	76.110691
742	99.657056	31.805911	473.223680	76.110691
743	99.676160	31.827338	473.541920	76.110691
744	99.694960	31.847802	473.860720	76.110691
745	99.713568	31.869175	474.174080	76.110691
746	99.731744	31.890319	474.491840	76.110808
747	99.749616	31.910967	474.807200	76.110808
748	99.768176	31.931928	475.125040	76.110808
749	99.786880	31.952412	475.445360	76.110808
750	99.805200	31.972856	475.757360	76.110808
751	99.823888	31.993806	476.063920	76.110866
752	99.842032	32.014637	476.370320	76.110866
753	99.860064	32.035637	476.684960	76.110866
754	99.878000	32.056450	476.994640	76.110866
755	99.896112	32.077398	477.302800	76.110866
756	99.913792	32.098128	477.608880	76.110866
757	99.931376	32.118584	477.917120	76.110924
758	99.948864	32.138738	478.223520	76.110924
759	99.966784	32.159211	478.525120	76.110924
760	99.985456	32.179450	478.828480	76.110924
761	100.003584	32.199795	479.128400	76.110924
762	100.021664	32.220392	479.428320	76.110924
763	100.039840	32.240555	479.723680	76.110924
764	100.057488	32.261029	480.024640	76.110924
765	100.075376	32.281180	480.323040	76.110924
766	100.093360	32.300965	480.616160	76.110924
767	100.111328	32.320984	480.914400	76.110983
768	100.129328	32.340720	481.210800	76.110983
769	100.147072	32.360448	481.503840	76.110983
770	100.164256	32.379978	481.802400	76.110983
771	100.181664	32.399774	482.093600	76.110983
772	100.199952	32.419052	482.392480	76.110983
773	100.217152	32.438698	482.689600	76.110983
774	100.234720	32.458240	482.968800	76.110983
775	100.251968	32.478056	483.254000	76.110983
776	100.268784	32.497532	483.543840	76.110983
777	100.285680	32.517277	483.824320	76.110983
778	100.303776	32.536932	484.112080	76.110983
779	100.320704	32.556529	484.398160	76.110983
780	100.337744	32.575993	484.684080	76.110983
781	100.354736	32.595338	484.967120	76.110983
782	100.371680	32.614826	485.242480	76.110983
783	100.388480	32.633805	485.519760	76.110983
784	100.405328	32.653162	485.796800	76.110983
785	100.421936	32.672218	486.074000	76.110983
786	100.438960	32.691532	486.350480	76.110983
787	100.455824	32.710471	486.623440	76.110983
788	100.473024	32.729588	486.905760	76.110983
789	100.490880	32.748485	487.182400	76.110983
790	100.508112	32.767454	487.455280	76.110983
791	100.525040	32.786698	487.731600	76.110983
792	100.542096	32.805890	488.001760	76.110983
793	100.558624	32.824911	488.276640	76.110983
794	100.574912	32.843672	488.546800	76.110983
795	100.591872	32.862210	488.818320	76.110983
796	100.608768	32.880973	489.089440	76.110983
797	100.625568	32.899516	489.367040	76.110983
798	100.642224	32.917990	489.634640	76.110983
799	100.659856	32.936377	489.903440	76.110983
800	100.676064	32.955281	490.169520	76.110983
801	100.692448	32.974223	490.426480	76.110983
802	100.708816	32.992989	490.688800	76.110983
803	100.724896	33.011184	490.950880	76.110983
804	100.741712	33.029984	491.218080	76.110983
805	100.758000	33.048282	491.479440	76.110983
806	100.774208	33.066531	491.740400	76.110983
807	100.790016	33.084695	491.998640	76.110983
808	100.806448	33.103289	492.258640	76.110983
809	100.822192	33.121134	492.516480	76.110983
810	100.838016	33.139614	492.775920	76.110983
811	100.853520	33.157879	493.033440	76.110983
812	100.868896	33.176008	493.289920	76.110983
813	100.884256	33.193873	493.544720	76.110983
814	100.899616	33.211894	493.795760	76.110983
815	100.915856	33.230038	494.043440	76.110983
816	100.932192	33.247832	494.301520	76.110983
817	100.947536	33.265612	494.548960	76.111041
818	100.962768	33.283594	494.794880	76.111041
819	100.978656	33.301349	495.052960	76.111041
820	100.994608	33.319526	495.301920	76.111041
821	101.009360	33.337204	495.555040	76.111041
822	101.025744	33.355120	495.799200	76.111041
823	101.040592	33.372996	496.042400	76.111041
824	101.055552	33.390362	496.291680	76.111041
825	101.070704	33.408177	496.537680	76.111041
826	101.086432	33.425815	496.781760	76.111041
827	101.102672	33.443587	497.028240	76.111041
828	101.118432	33.461102	497.267760	76.111041
829	101.133344	33.478945	497.506800	76.111041
830	101.149184	33.496632	497.752000	76.111041
831	101.164992	33.513874	497.991360	76.111041
832	101.180992	33.531170	498.233520	76.111041
833	101.196128	33.548673	498.477520	76.111041
834	101.211120	33.565793	498.720560	76.111041
835	101.226208	33.583060	498.959200	76.111041
836	101.241424	33.600057	499.202960	76.111041
837	101.257520	33.617075	499.442160	76.111041
838	101.272384	33.634312	499.680800	76.111041
839	101.288048	33.651665	499.917280	76.111099
840	101.302848	33.668569	500.153680	76.111099
841	101.317872	33.685726	500.384240	76.111099
842	101.332672	33.702711	500.617440	76.111099
843	101.347472	33.719938	500.853840	76.111099
844	101.362928	33.736977	501.084640	76.111099
845	101.378240	33.753816	501.324720	76.111099
846	101.393936	33.770677	501.558000	76.111099
847	101.408752	33.787651	501.788720	76.111099
848	101.424000	33.804372	502.015200	76.111099
849	101.439424	33.820784	502.246400	76.111099
850	101.455008	33.837803	502.478960	76.111099
851	101.470240	33.854624	502.713120	76.111099
852	101.484240	33.871154	502.945440	76.111099
853	101.498624	33.887830	503.174960	76.111099
854	101.512592	33.904299	503.404960	76.111099
855	101.527088	33.921160	503.629680	76.111099
856	101.541760	33.937821	503.859840	76.111099
857	101.555776	33.954255	504.081600	76.111099
858	101.570784	33.970926	504.306800	76.111099
859	101.585280	33.987164	504.533520	76.111099
860	101.599504	34.003564	504.757280	76.111099
861	101.614448	34.019550	504.980080	76.111099
862	101.628400	34.036144	505.203120	76.111099
863	101.642368	34.052606	505.425600	76.111099
864	101.656512	34.069093	505.646720	76.111099
865	101.670384	34.085507	505.868320	76.111099
866	101.683888	34.101615	506.085840	76.111099
867	101.697520	34.117778	506.304960	76.111099
868	101.711488	34.134146	506.522160	76.111099
869	101.725216	34.150337	506.744800	76.111099
870	101.739056	34.166649	506.955520	76.111099
871	101.753104	34.182392	507.177040	76.111099
872	101.766736	34.198091	507.389520	76.111099
873	101.781104	34.214209	507.602800	76.111099
874	101.794784	34.230201	507.816720	76.111099
875	101.808720	34.245891	508.028480	76.111099
876	101.822560	34.261623	508.247680	76.111099
877	101.836256	34.277538	508.463280	76.111099
878	101.849696	34.293304	508.679680	76.111099
879	101.863328	34.309398	508.892480	76.111099
880	101.877680	34.324823	509.107280	76.111099
881	101.890976	34.340480	509.318560	76.111099
882	101.903776	34.356124	509.532880	76.111099
883	101.917264	34.372089	509.737040	76.111099
884	101.931264	34.387421	509.948720	76.111099
885	101.945392	34.402708	510.162960	76.111099
886	101.959344	34.418219	510.368400	76.111099
887	101.972912	34.433922	510.574480	76.111099
888	101.985936	34.449333	510.781200	76.111099
889	101.999776	34.464677	510.989520	76.111099
890	102.013344	34.480230	511.192800	76.111099
891	102.026944	34.495506	511.396560	76.111099
892	102.039632	34.510662	511.603760	76.111099
893	102.053568	34.525924	511.808400	76.111099
894	102.066816	34.540972	512.013520	76.111099
895	102.079440	34.556276	512.218000	76.111099
896	102.092800	34.570960	512.423280	76.111099
897	102.105488	34.586084	512.623360	76.111099
898	102.119616	34.600952	512.826080	76.111099
899	102.133120	34.616405	513.022320	76.111099
900	102.146560	34.631501	513.223120	76.111099
901	102.160112	34.646288	513.425280	76.111099
902	102.173696	34.661654	513.627680	76.111099
903	102.186976	34.676480	513.831600	76.111099
904	102.200048	34.691629	514.025280	76.111099
905	102.212864	34.706615	514.222080	76.111099
906	102.226240	34.721366	514.418240	76.111099
907	102.238832	34.736390	514.612240	76.111099
908	102.251728	34.751050	514.805200	76.111099
909	102.265264	34.765839	515.009840	76.111099
910	102.278000	34.780275	515.209200	76.111099
911	102.291248	34.794881	515.408320	76.111099
912	102.304336	34.809531	515.608720	76.111099
913	102.316864	34.824274	515.805600	76.111099
914	102.329328	34.838836	516.001360	76.111099
915	102.342288	34.853567	516.193280	76.111099
916	102.354640	34.867933	516.386640	76.111099
917	102.367584	34.882396	516.581360	76.111099
918	102.379936	34.896890	516.768640	76.111099
919	102.392944	34.911518	516.960400	76.111099
920	102.405984	34.926045	517.151920	76.111099
921	102.419072	34.940524	517.339760	76.111099
922	102.432240	34.955002	517.531520	76.111099
923	102.445376	34.969599	517.718320	76.111099
924	102.457776	34.983838	517.914720	76.111099
925	102.470640	34.998270	518.101920	76.111099
926	102.482816	35.012833	518.293920	76.111099
927	102.495120	35.026892	518.482720	76.111099
928	102.507328	35.040803	518.677520	76.111099
929	102.519744	35.055008	518.862320	76.111099
930	102.531920	35.069291	519.046960	76.111099
931	102.544128	35.083377	519.235760	76.111099
932	102.557472	35.097685	519.422800	76.111099
933	102.570080	35.112007	519.610000	76.111099
934	102.582144	35.126377	519.796000	76.111099
935	102.595360	35.140343	519.982800	76.111099
936	102.607632	35.154166	520.169600	76.111099
937	102.620672	35.168011	520.355680	76.111099
938	102.633200	35.181629	520.540160	76.111099
939	102.645104	35.195514	520.729360	76.111099
940	102.657696	35.209396	520.909200	76.111099
941	102.670544	35.223191	521.094560	76.111099
942	102.682512	35.237142	521.274320	76.111099
943	102.694944	35.251149	521.460480	76.111099
944	102.707616	35.264930	521.638000	76.111099
945	102.719936	35.278601	521.820800	76.111099
946	102.731568	35.291916	521.999840	76.111099
947	102.743504	35.305516	522.177200	76.111099
948	102.755264	35.319365	522.358560	76.111099
949	102.767040	35.333032	522.540480	76.111099
950	102.779184	35.346789	522.724320	76.111099
951	102.791648	35.360260	522.903760	76.111099
952	102.803968	35.373991	523.080960	76.111099
953	102.815408	35.387622	523.263280	76.111099
954	102.828112	35.400979	523.438480	76.111099
955	102.840384	35.414269	523.617200	76.111099
956	102.852992	35.427572	523.793040	76.111099
957	102.865712	35.440867	523.976160	76.111099
958	102.877648	35.454168	524.151040	76.111099
959	102.889520	35.467261	524.322160	76.111099
960	102.902080	35.480843	524.503360	76.111099
961	102.913904	35.494570	524.676480	76.111099
962	102.926400	35.507862	524.855600	76.111099
963	102.937712	35.521460	525.023920	76.111099
964	102.950000	35.534729	525.194720	76.111099
965	102.961792	35.547891	525.372080	76.111099
966	102.973840	35.560935	525.544960	76.111099
967	102.986112	35.573999	525.719520	76.111099
968	102.998208	35.587186	525.891360	76.111099
969	103.008656	35.600397	526.058400	76.111099
970	103.019968	35.613392	526.226400	76.111099
971	103.031536	35.626466	526.399360	76.111099
972	103.042992	35.639556	526.570480	76.111099
973	103.054704	35.652609	526.739120	76.111099
974	103.066736	35.665679	526.906080	76.111099
975	103.078320	35.678819	527.074240	76.111099
976	103.090016	35.692107	527.246960	76.111099
977	103.101664	35.705308	527.415440	76.111099
978	103.113008	35.718374	527.583920	76.111099
979	103.124592	35.731309	527.752000	76.111099
980	103.136304	35.744052	527.915920	76.111099
981	103.147456	35.756716	528.079120	76.111099
982	103.159008	35.769748	528.245600	76.111099
983	103.170384	35.782446	528.412960	76.111099
984	103.181360	35.795160	528.575440	76.111099
985	103.192240	35.808048	528.738480	76.111099
986	103.203616	35.820694	528.900080	76.111099
987	103.214640	35.833384	529.064160	76.111099
988	103.225488	35.846114	529.233600	76.111099
989	103.235888	35.858744	529.398080	76.111099
990	103.246928	35.871402	529.560240	76.111099
991	103.257200	35.884183	529.721840	76.111099
992	103.268320	35.896650	529.883280	76.111099
993	103.279248	35.909439	530.046640	76.111099
994	103.290160	35.922039	530.210320	76.111099
995	103.301648	35.934451	530.373200	76.111099
996	103.312304	35.946957	530.541360	76.111099
997	103.323760	35.959329	530.700640	76.111099
998	103.334080	35.971896	530.866480	76.111099
999	103.345152	35.984118	531.027680	76.111099
1000	103.356304	35.996669	531.184240	76.111099
1001	103.367584	36.008837	531.344080	76.111099
1002	103.379088	36.021337	531.501760	76.111099
1003	103.389744	36.033674	531.665840	76.111099
1004	103.400704	36.046001	531.828640	76.111099
1005	103.411808	36.058358	531.991040	76.111099
1006	103.422640	36.070641	532.147920	76.111099
1007	103.434032	36.082865	532.301520	76.111099
1008	103.444976	36.095088	532.462640	76.111099
1009	103.456000	36.107149	532.617440	76.111099
1010	103.466880	36.119416	532.768080	76.111099
1011	103.477984	36.131413	532.924400	76.111099
1012	103.488752	36.143750	533.078400	76.111099
1013	103.499472	36.155595	533.237120	76.111099
1014	103.510528	36.167396	533.394960	76.111099
1015	103.521616	36.179422	533.548160	76.111099
1016	103.532512	36.191398	533.706320	76.111099
1017	103.542992	36.203473	533.864160	76.111099
1018	103.554336	36.215515	534.020560	76.111099
1019	103.565168	36.227482	534.171520	76.111099
1020	103.575696	36.239304	534.333280	76.111099
1021	103.586688	36.251119	534.485280	76.111099
1022	103.597328	36.263044	534.642880	76.111099
1023	103.607424	36.274779	534.799840	76.111099
1024	103.617952	36.286511	534.956960	76.111099
1025	103.628480	36.298291	535.109680	76.111099
1026	103.638192	36.309995	535.261440	76.111099
1027	103.648752	36.321754	535.415760	76.111099
1028	103.659424	36.333631	535.567200	76.111099
1029	103.670192	36.345415	535.723680	76.111099
1030	103.680304	36.357027	535.874000	76.111099
1031	103.690272	36.368606	536.027200	76.111099
1032	103.700944	36.380514	536.181680	76.111099
1033	103.711968	36.392114	536.336240	76.111099
1034	103.722416	36.403684	536.485920	76.111099
1035	103.732784	36.415334	536.637360	76.111099
1036	103.744032	36.426926	536.788880	76.111099
1037	103.754960	36.438350	536.937440	76.111099
1038	103.764960	36.449810	537.087280	76.111099
1039	103.776096	36.461408	537.238640	76.111099
1040	103.786096	36.472937	537.389680	76.111099
1041	103.796432	36.484319	537.539360	76.111099
1042	103.806512	36.495706	537.689920	76.111099
1043	103.816656	36.506957	537.835360	76.111158
1044	103.827184	36.518392	537.980480	76.111158
1045	103.837856	36.529628	538.132560	76.111158
1046	103.848384	36.540828	538.283200	76.111158
1047	103.858880	36.552188	538.426880	76.111158
1048	103.869360	36.563373	538.576000	76.111158
1049	103.878880	36.574683	538.724960	76.111158
1050	103.889440	36.586033	538.872560	76.111158
1051	103.899728	36.597397	539.018320	76.111158
1052	103.909648	36.608725	539.160320	76.111158
1053	103.919264	36.619988	539.298400	76.111158
1054	103.929648	36.631325	539.445600	76.111158
1055	103.939360	36.642567	539.595840	76.111158
1056	103.949584	36.653905	539.743760	76.111158
1057	103.959664	36.664956	539.886080	76.111158
1058	103.970736	36.675920	540.028560	76.111158
1059	103.980448	36.687152	540.167040	76.111158
1060	103.990192	36.698097	540.310560	76.111158
1061	104.000624	36.709108	540.457040	76.111158
1062	104.010448	36.720090	540.602880	76.111158
1063	104.020048	36.731046	540.746400	76.111158
1064	104.029616	36.741999	540.894400	76.111158
1065	104.039408	36.752965	541.041520	76.111158
1066	104.048224	36.763898	541.187600	76.111158
1067	104.057776	36.775045	541.330080	76.111158
1068	104.067648	36.786187	541.478480	76.111158
1069	104.077408	36.797317	541.620640	76.111158
1070	104.086800	36.808435	541.760400	76.111158
1071	104.097248	36.819471	541.900560	76.111158
1072	104.107376	36.830428	542.042240	76.111158
1073	104.116800	36.841241	542.184000	76.111158
1074	104.126384	36.852041	542.324880	76.111158
1075	104.135872	36.862802	542.462320	76.111158
1076	104.145248	36.873584	542.608400	76.111158
1077	104.154944	36.884417	542.747520	76.111158
1078	104.164512	36.895191	542.886160	76.111158
1079	104.173392	36.905958	543.026160	76.111158
1080	104.183040	36.916620	543.172240	76.111158
1081	104.192480	36.927354	543.311840	76.111158
1082	104.202448	36.938177	543.448480	76.111158
1083	104.212160	36.948885	543.595200	76.111158
1084	104.221952	36.959460	543.730240	76.111158
1085	104.231360	36.970277	543.866400	76.111158
1086	104.240512	36.980886	544.007440	76.111158
1087	104.249712	36.991721	544.147520	76.111158
1088	104.259136	37.002433	544.287680	76.111158
1089	104.268256	37.013097	544.425680	76.111158
1090	104.277232	37.023660	544.562880	76.111158
1091	104.287216	37.034232	544.698160	76.111158
1092	104.296944	37.044591	544.834000	76.111158
1093	104.306512	37.055230	544.969680	76.111158
1094	104.315792	37.065823	545.102160	76.111158
1095	104.325360	37.076300	545.233840	76.111158
1096	104.334912	37.086849	545.369840	76.111158
1097	104.344480	37.097486	545.501760	76.111158
1098	104.354320	37.107812	545.637680	76.111158
1099	104.363760	37.118444	545.780480	76.111158
1100	104.373312	37.128798	545.918640	76.111158
1101	104.382784	37.139142	546.056560	76.111158
1102	104.392768	37.149546	546.190720	76.111158
1103	104.402432	37.159840	546.326080	76.111158
1104	104.411280	37.169984	546.461920	76.111158
1105	104.419984	37.180243	546.599360	76.111158
1106	104.429712	37.190542	546.730240	76.111158
1107	104.438848	37.200822	546.868720	76.111158
1108	104.448144	37.211120	547.000880	76.111158
1109	104.457584	37.221163	547.134720	76.111158
1110	104.466416	37.231421	547.265040	76.111158
1111	104.476000	37.241815	547.401360	76.111158
1112	104.485408	37.252029	547.534560	76.111158
1113	104.494880	37.262030	547.669360	76.111158
1114	104.504016	37.272113	547.796400	76.111158
1115	104.513104	37.282165	547.926080	76.111158
1116	104.522000	37.292320	548.058720	76.111158
1117	104.530704	37.302514	548.190400	76.111158
1118	104.540016	37.312659	548.326240	76.111158
1119	104.549168	37.322865	548.460320	76.111158
1120	104.558192	37.332917	548.588320	76.111158
1121	104.568064	37.342798	548.716080	76.111158
1122	104.577280	37.352826	548.847360	76.111158
1123	104.586240	37.363122	548.975600	76.111158
1124	104.595840	37.373058	549.106080	76.111158
1125	104.605520	37.382910	549.236480	76.111158
1126	104.615088	37.392773	549.369120	76.111158
1127	104.624880	37.402626	549.499120	76.111158
1128	104.633488	37.412812	549.630880	76.111158
1129	104.642512	37.422524	549.756400	76.111158
1130	104.651392	37.432430	549.887120	76.111158
1131	104.660512	37.442234	550.014160	76.111158
1132	104.669424	37.452087	550.146800	76.111158
1133	104.679104	37.462036	550.278000	76.111158
1134	104.688160	37.472155	550.408640	76.111158
1135	104.697344	37.481970	550.534320	76.111158
1136	104.706576	37.491798	550.654640	76.111158
1137	104.715728	37.501455	550.778720	76.111158
1138	104.724528	37.511291	550.908400	76.111158
1139	104.733296	37.521159	551.036400	76.111158
1140	104.742720	37.530889	551.162240	76.111158
1141	104.752000	37.540561	551.289360	76.111158
1142	104.760832	37.550401	551.422240	76.111158
1143	104.769312	37.559977	551.547680	76.111158
1144	104.777552	37.569760	551.673840	76.111158
1145	104.786656	37.579385	551.799600	76.111158
1146	104.795808	37.588956	551.926480	76.111158
1147	104.804784	37.598745	552.054720	76.111158
1148	104.813232	37.608469	552.183520	76.111158
1149	104.822256	37.618004	552.309760	76.111158
1150	104.831072	37.627698	552.430800	76.111158
1151	104.839920	37.637192	552.552800	76.111158
1152	104.848448	37.646865	552.676080	76.111158
1153	104.857200	37.656309	552.799600	76.111158
1154	104.865792	37.665812	552.924640	76.111158
1155	104.874528	37.675380	553.048400	76.111158
1156	104.883648	37.684956	553.172560	76.111158
1157	104.892672	37.694455	553.297840	76.111158
1158	104.902160	37.704072	553.423200	76.111158
1159	104.910432	37.713548	553.549200	76.111158
1160	104.919408	37.723153	553.668880	76.111158
1161	104.928016	37.732719	553.790960	76.111158
1162	104.936688	37.742222	553.915760	76.111158
1163	104.945120	37.751591	554.038640	76.111158
1164	104.953792	37.761084	554.163280	76.111158
1165	104.962512	37.770574	554.291440	76.111158
1166	104.970800	37.780104	554.412400	76.111158
1167	104.980096	37.789267	554.530240	76.111158
1168	104.989040	37.798850	554.650640	76.111158
1169	104.997968	37.808229	554.778320	76.111158
1170	105.006464	37.817645	554.902960	76.111158
1171	105.015568	37.826900	555.025280	76.111158
1172	105.024512	37.836073	555.144560	76.111158
1173	105.033216	37.845533	555.266720	76.111158
1174	105.042320	37.854771	555.389680	76.111158
1175	105.051232	37.864119	555.510560	76.111158
1176	105.059984	37.873422	555.630720	76.111158
1177	105.067936	37.882664	555.753600	76.111158
1178	105.077200	37.891777	555.876320	76.111158
1179	105.085024	37.901002	556.001920	76.111158
1180	105.093936	37.910183	556.119840	76.111158
1181	105.102720	37.919625	556.238400	76.111158
1182	105.111168	37.928883	556.355920	76.111158
1183	105.119760	37.938263	556.476000	76.111158
1184	105.128192	37.947493	556.598880	76.111158
1185	105.136272	37.956732	556.715920	76.111158
1186	105.145024	37.965845	556.837680	76.111158
1187	105.153744	37.974920	556.958800	76.111158
1188	105.162208	37.984002	557.079200	76.111158
1189	105.170784	37.993262	557.198800	76.111158
1190	105.179392	38.002529	557.317360	76.111158
1191	105.187888	38.011661	557.442800	76.111158
1192	105.196256	38.020672	557.559840	76.111158
1193	105.204656	38.029835	557.679120	76.111158
1194	105.212864	38.038897	557.796000	76.111158
1195	105.221536	38.047756	557.915600	76.111158
1196	105.229824	38.056862	558.038400	76.111158
1197	105.238032	38.066041	558.156800	76.111158
1198	105.245984	38.075103	558.275120	76.111158
1199	105.254368	38.083939	558.398880	76.111158
1200	105.262896	38.092969	558.518000	76.111158
1201	105.270384	38.102006	558.636640	76.111158
1202	105.278752	38.110892	558.753200	76.111158
1203	105.286752	38.119716	558.869200	76.111158
1204	105.294992	38.128784	558.992800	76.111158
1205	105.303600	38.137577	559.114560	76.111158
1206	105.312160	38.146460	559.230400	76.111158
1207	105.320352	38.155406	559.349680	76.111158
1208	105.328816	38.164411	559.464880	76.111158
1209	105.337360	38.173306	559.580320	76.111158
1210	105.344912	38.182198	559.692960	76.111158
1211	105.353440	38.191029	559.806080	76.111158
1212	105.361904	38.199913	559.919200	76.111158
1213	105.369840	38.208848	560.030480	76.111158
1214	105.377584	38.217636	560.149840	76.111158
1215	105.386192	38.226548	560.263520	76.111158
1216	105.394800	38.235292	560.377760	76.111158
1217	105.402944	38.243981	560.490640	76.111158
1218	105.411328	38.252764	560.605680	76.111158
1219	105.419792	38.261574	560.724240	76.111158
1220	105.428032	38.270321	560.836240	76.111158
1221	105.436272	38.278952	560.951360	76.111158
1222	105.444864	38.287651	561.068560	76.111158
1223	105.452928	38.296416	561.180880	76.111158
1224	105.460624	38.305143	561.295920	76.111158
1225	105.468656	38.313907	561.409280	76.111158
1226	105.476624	38.322452	561.524080	76.111158
1227	105.484592	38.331077	561.639520	76.111158
1228	105.492640	38.339654	561.752160	76.111158
1229	105.500176	38.348257	561.863440	76.111158
1230	105.507984	38.357054	561.972960	76.111158
1231	105.516016	38.365725	562.083440	76.111158
1232	105.523760	38.374502	562.200480	76.111158
1233	105.531696	38.383037	562.311840	76.111158
1234	105.539616	38.391614	562.423680	76.111158
1235	105.547616	38.400457	562.540160	76.111158
1236	105.555632	38.409206	562.655040	76.111158
1237	105.563920	38.417572	562.768160	76.111158
1238	105.572048	38.426135	562.881200	76.111158
1239	105.579984	38.434826	562.990880	76.111158
1240	105.588176	38.443310	563.104560	76.111158
1241	105.596304	38.451953	563.216800	76.111158
1242	105.603712	38.460499	563.336080	76.111158
1243	105.611488	38.468977	563.448080	76.111158
1244	105.618912	38.477617	563.561200	76.111158
1245	105.626432	38.486219	563.672240	76.111158
1246	105.634256	38.494647	563.786640	76.111158
1247	105.642048	38.503168	563.897440	76.111158
1248	105.649936	38.511761	564.012480	76.111158
1249	105.657312	38.520161	564.125520	76.111158
1250	105.665008	38.528530	564.238480	76.111158
1251	105.672656	38.536980	564.347840	76.111158
1252	105.680256	38.545303	564.458880	76.111158
1253	105.688256	38.553720	564.564480	76.111158
1254	105.695600	38.562100	564.676960	76.111158
1255	105.703232	38.570411	564.784160	76.111158
1256	105.711104	38.578755	564.887760	76.111158
1257	105.718368	38.587189	564.993440	76.111158
1258	105.726080	38.595600	565.104240	76.111158
1259	105.733632	38.603871	565.216160	76.111158
1260	105.741040	38.612091	565.324480	76.111158
1261	105.749088	38.620432	565.431920	76.111158
1262	105.756944	38.628875	565.543440	76.111158
1263	105.764784	38.637096	565.652800	76.111158
1264	105.772112	38.645327	565.766400	76.111158
1265	105.779376	38.653694	565.874880	76.111158
1266	105.786880	38.662050	565.983120	76.111158
1267	105.794208	38.670149	566.096080	76.111158
1268	105.802432	38.678419	566.207440	76.111158
1269	105.810240	38.686732	566.317760	76.111158
1270	105.817680	38.695164	566.423600	76.111158
1271	105.825504	38.703488	566.531600	76.111158
1272	105.832752	38.711743	566.641280	76.111158
1273	105.840000	38.720055	566.750800	76.111158
1274	105.847472	38.728266	566.859040	76.111158
1275	105.855056	38.736528	566.970000	76.111158
1276	105.862000	38.744661	567.083280	76.111158
1277	105.869744	38.752890	567.191280	76.111158
1278	105.877584	38.761059	567.302480	76.111158
1279	105.884880	38.769382	567.411200	76.111158
1280	105.893024	38.777493	567.517840	76.111158
1281	105.901152	38.785711	567.618960	76.111158
1282	105.909232	38.793971	567.726960	76.111158
1283	105.917264	38.802185	567.833920	76.111158
1284	105.924832	38.810314	567.940480	76.111158
1285	105.932224	38.818354	568.053120	76.111158
1286	105.939680	38.826574	568.157920	76.111158
1287	105.947136	38.834711	568.261040	76.111158
1288	105.954512	38.842700	568.361280	76.111158
1289	105.962048	38.850764	568.463200	76.111158
1290	105.969120	38.858791	568.573280	76.111158
1291	105.976048	38.867108	568.679760	76.111158
1292	105.983840	38.875224	568.784240	76.111158
1293	105.991856	38.883325	568.893680	76.111158
1294	105.999200	38.891289	569.000960	76.111158
1295	106.006944	38.899377	569.108400	76.111158
1296	106.014400	38.907352	569.213440	76.111158
1297	106.021568	38.915258	569.319280	76.111158
1298	106.029344	38.923226	569.424240	76.111158
1299	106.036432	38.931217	569.529040	76.111158
1300	106.043776	38.939275	569.632880	76.111158
1301	106.050960	38.947173	569.738240	76.111158
1302	106.058880	38.955009	569.846960	76.111158
1303	106.066416	38.963046	569.950880	76.111158
1304	106.073136	38.971095	570.058960	76.111158
1305	106.080736	38.979104	570.163520	76.111158
1306	106.087488	38.987254	570.265920	76.111158
1307	106.094816	38.995200	570.370800	76.111158
1308	106.101664	39.003082	570.471200	76.111158
1309	106.108816	39.010924	570.573040	76.111158
1310	106.116000	39.018828	570.673120	76.111158
1311	106.123376	39.026721	570.770800	76.111158
1312	106.131280	39.034624	570.871680	76.111158
1313	106.138288	39.042428	570.973600	76.111158
1314	106.146000	39.050377	571.081920	76.111158
1315	106.153200	39.058238	571.184880	76.111158
1316	106.160224	39.065992	571.287760	76.111158
1317	106.167632	39.073853	571.394080	76.111158
1318	106.174736	39.081794	571.495360	76.111158
1319	106.181808	39.089661	571.598880	76.111158
1320	106.188800	39.097422	571.705360	76.111158
1321	106.195968	39.105256	571.810400	76.111158
1322	106.203760	39.113028	571.908880	76.111158
1323	106.211424	39.120821	572.012160	76.111158
1324	106.218640	39.128607	572.113120	76.111158
1325	106.226016	39.136418	572.214400	76.111158
1326	106.233376	39.144203	572.320320	76.111158
1327	106.240720	39.151996	572.419440	76.111158
1328	106.247968	39.159731	572.518320	76.111158
1329	106.254960	39.167521	572.620320	76.111158
1330	106.262512	39.175337	572.722640	76.111158
1331	106.269424	39.183044	572.825200	76.111158
1332	106.276688	39.190832	572.929440	76.111158
1333	106.283872	39.198578	573.034000	76.111158
1334	106.291712	39.206300	573.137520	76.111158
1335	106.298960	39.213956	573.236080	76.111158
1336	106.306240	39.221513	573.338560	76.111158
1337	106.313600	39.229272	573.442320	76.111158
1338	106.320688	39.237013	573.541920	76.111158
1339	106.327488	39.244743	573.638560	76.111158
1340	106.334640	39.252383	573.739200	76.111158
1341	106.341600	39.260128	573.835200	76.111158
1342	106.348656	39.267754	573.933920	76.111158
1343	106.355984	39.275486	574.033920	76.111158
1344	106.363088	39.283139	574.134400	76.111158
1345	106.370384	39.290727	574.238640	76.111158
1346	106.377200	39.298470	574.345280	76.111158
1347	106.384016	39.306032	574.444960	76.111158
1348	106.391136	39.313622	574.542400	76.111158
1349	106.398304	39.321336	574.640400	76.111158
1350	106.405184	39.328895	574.740880	76.111158
1351	106.411904	39.336504	574.837520	76.111158
1352	106.419072	39.344292	574.941440	76.111158
1353	106.426160	39.352023	575.040400	76.111158
1354	106.433040	39.359767	575.138880	76.111158
1355	106.439808	39.367367	575.242000	76.111158
1356	106.446304	39.374925	575.342800	76.111158
1357	106.453232	39.382589	575.442000	76.111158
1358	106.460208	39.390284	575.543840	76.111158
1359	106.467216	39.397920	575.643120	76.111158
1360	106.473584	39.405402	575.743920	76.111158
1361	106.480128	39.412936	575.841840	76.111158
1362	106.486544	39.420541	575.940960	76.111158
1363	106.493792	39.427923	576.039040	76.111158
1364	106.500496	39.435477	576.136400	76.111158
1365	106.507504	39.442856	576.227600	76.111158
1366	106.514064	39.450446	576.327280	76.111158
1367	106.521040	39.458060	576.427360	76.111158
1368	106.528144	39.465677	576.528960	76.111158
1369	106.535280	39.473173	576.628640	76.111158
1370	106.542224	39.480629	576.726080	76.111158
1371	106.549488	39.488250	576.821920	76.111158
1372	106.556592	39.495810	576.917600	76.111158
1373	106.563744	39.503245	577.020080	76.111158
1374	106.570320	39.510926	577.113920	76.111158
1375	106.577648	39.518423	577.210240	76.111158
1376	106.584416	39.525917	577.309120	76.111158
1377	106.591248	39.533358	577.401280	76.111158
1378	106.597824	39.540722	577.497760	76.111158
1379	106.604864	39.548103	577.594240	76.111158
1380	106.611584	39.555497	577.691040	76.111158
1381	106.618768	39.562877	577.789520	76.111158
1382	106.625008	39.570325	577.889920	76.111158
1383	106.631888	39.577836	577.985440	76.111158
1384	106.638544	39.585178	578.077920	76.111158
1385	106.645728	39.592556	578.170640	76.111158
1386	106.652080	39.599906	578.267120	76.111158
1387	106.658864	39.607272	578.364000	76.111158
1388	106.666016	39.614666	578.457600	76.111158
1389	106.672624	39.621967	578.552800	76.111158
1390	106.679056	39.629346	578.651040	76.111158
1391	106.686048	39.636672	578.748480	76.111158
1392	106.692416	39.644072	578.847280	76.111158
1393	106.699312	39.651411	578.942160	76.111158
1394	106.705680	39.658757	579.039040	76.111158
1395	106.711936	39.665982	579.132160	76.111158
1396	106.718448	39.673394	579.227040	76.111158
1397	106.724976	39.680739	579.322160	76.111158
1398	106.731856	39.688192	579.421840	76.111158
1399	106.738432	39.695559	579.518960	76.111158
1400	106.744992	39.702851	579.613680	76.111158
1401	106.752416	39.710162	579.708720	76.111158
1402	106.759136	39.717482	579.806160	76.111158
1403	106.766528	39.724857	579.900640	76.111158
1404	106.773072	39.732212	579.997120	76.111158
1405	106.779856	39.739523	580.094480	76.111158
1406	106.787008	39.746914	580.191920	76.111158
1407	106.793552	39.754107	580.281680	76.111158
1408	106.800400	39.761236	580.372720	76.111158
1409	106.806832	39.768425	580.468080	76.111158
1410	106.813520	39.775658	580.563360	76.111158
1411	106.820080	39.782991	580.659840	76.111158
1412	106.826752	39.790289	580.755120	76.111158
1413	106.833040	39.797497	580.846320	76.111158
1414	106.840160	39.804696	580.941680	76.111158
1415	106.846992	39.811961	581.035200	76.111158
1416	106.853216	39.819185	581.128400	76.111158
1417	106.859808	39.826441	581.223600	76.111158
1418	106.866368	39.833510	581.318400	76.111158
1419	106.873680	39.840671	581.412240	76.111158
1420	106.880128	39.847969	581.507520	76.111158
1421	106.886960	39.855142	581.601120	76.111158
1422	106.893584	39.862371	581.694880	76.111158
1423	106.899856	39.869612	581.783200	76.111158
1424	106.906448	39.876830	581.878080	76.111158
1425	106.912976	39.884060	581.972400	76.111158
1426	106.919824	39.891223	582.062800	76.111158
1427	106.926352	39.898510	582.154640	76.111158
1428	106.932736	39.905707	582.244880	76.111158
1429	106.939264	39.912826	582.334400	76.111158
1430	106.945344	39.919786	582.423840	76.111158
1431	106.951792	39.926975	582.517360	76.111158
1432	106.958032	39.934111	582.611120	76.111158
1433	106.964224	39.941206	582.702480	76.111158
1434	106.970576	39.948299	582.797600	76.111158
1435	106.977360	39.955475	582.892320	76.111158
1436	106.983648	39.962650	582.984640	76.111158
1437	106.990672	39.969846	583.073840	76.111158
1438	106.996752	39.976933	583.166720	76.111158
1439	107.003968	39.984053	583.258800	76.111158
1440	107.010192	39.991237	583.349040	76.111158
1441	107.016672	39.998436	583.438400	76.111158
1442	107.022784	40.005490	583.532480	76.111158
1443	107.028464	40.012651	583.625120	76.111158
1444	107.035104	40.019656	583.711600	76.111158
1445	107.041296	40.026829	583.801680	76.111158
1446	107.047504	40.033790	583.891680	76.111158
1447	107.054208	40.040788	583.982960	76.111158
1448	107.061040	40.047825	584.078880	76.111158
1449	107.067760	40.054904	584.170160	76.111158
1450	107.074256	40.062059	584.262320	76.111158
1451	107.080784	40.069074	584.352800	76.111158
1452	107.087216	40.076087	584.443040	76.111158
1453	107.093952	40.083144	584.533440	76.111158
1454	107.100368	40.090147	584.626560	76.111158
1455	107.107248	40.097148	584.720240	76.111158
1456	107.113472	40.104254	584.812720	76.111158
1457	107.119408	40.111303	584.900880	76.111158
1458	107.126464	40.118264	584.992400	76.111158
1459	107.133584	40.125308	585.080560	76.111158
1460	107.140608	40.132333	585.172240	76.111158
1461	107.147616	40.139407	585.266960	76.111158
1462	107.153904	40.146365	585.352880	76.111158
1463	107.160352	40.153292	585.438640	76.111158
1464	107.166960	40.160321	585.530080	76.111158
1465	107.172832	40.167175	585.623040	76.111158
1466	107.179264	40.174200	585.714560	76.111158
1467	107.185456	40.181329	585.806080	76.111158
1468	107.191744	40.188317	585.895440	76.111158
1469	107.198304	40.195322	585.986080	76.111158
1470	107.204592	40.202315	586.077600	76.111158
1471	107.211088	40.209166	586.166560	76.111158
1472	107.218176	40.216202	586.257600	76.111158
1473	107.224080	40.223083	586.346240	76.111158
1474	107.230576	40.230052	586.432560	76.111158
1475	107.237280	40.236839	586.519520	76.111158
1476	107.244272	40.243829	586.614320	76.111158
1477	107.250864	40.250793	586.701280	76.111158
1478	107.257392	40.257715	586.793520	76.111158
1479	107.263808	40.264620	586.887440	76.111158
1480	107.270368	40.271544	586.980720	76.111158
1481	107.276928	40.278507	587.068640	76.111158
1482	107.283280	40.285376	587.156240	76.111158
1483	107.289104	40.292346	587.247040	76.111158
1484	107.295200	40.299244	587.330160	76.111158
1485	107.301296	40.306170	587.420800	76.111158
1486	107.307088	40.313114	587.506160	76.111158
1487	107.313632	40.319895	587.596160	76.111158
1488	107.319840	40.326795	587.685760	76.111158
1489	107.326192	40.333697	587.774160	76.111158
1490	107.332336	40.340591	587.860400	76.111158
1491	107.338896	40.347370	587.953200	76.111158
1492	107.345424	40.354368	588.038800	76.111158
1493	107.352000	40.361282	588.123280	76.111158
1494	107.358640	40.368173	588.211280	76.111158
1495	107.365328	40.375079	588.301680	76.111158
1496	107.371888	40.381909	588.390160	76.111158
1497	107.378096	40.388702	588.476640	76.111158
1498	107.384896	40.395628	588.564320	76.111158
1499	107.390944	40.402364	588.650320	76.111158
1500	107.397040	40.409216	588.738160	76.111158
1501	107.403584	40.415984	588.827760	76.111158
1502	107.409392	40.422639	588.920480	76.111158
1503	107.415264	40.429482	589.007360	76.111158
1504	107.421568	40.436338	589.098560	76.111158
1505	107.428032	40.443133	589.186960	76.111158
1506	107.434512	40.449814	589.275520	76.111158
1507	107.440192	40.456662	589.366800	76.111158
1508	107.445904	40.463454	589.453600	76.111158
1509	107.452256	40.470349	589.538880	76.111158
1510	107.458064	40.477139	589.626240	76.111158
1511	107.464640	40.483925	589.709360	76.111158
1512	107.470816	40.490664	589.795120	76.111158
1513	107.477136	40.497426	589.879040	76.111158
1514	107.483376	40.504147	589.965440	76.111158
1515	107.489536	40.510827	590.052320	76.111158
1516	107.496048	40.517570	590.138000	76.111158
1517	107.502384	40.524308	590.222720	76.111158
1518	107.508320	40.531087	590.305760	76.111158
1519	107.514528	40.537883	590.393760	76.111158
1520	107.520032	40.544600	590.481120	76.111158
1521	107.525648	40.551390	590.566720	76.111158
1522	107.531616	40.558170	590.651680	76.111158
1523	107.537536	40.565005	590.736240	76.111158
1524	107.543856	40.571803	590.823680	76.111158
1525	107.550096	40.578618	590.908640	76.111158
1526	107.555872	40.585294	590.994960	76.111158
1527	107.562416	40.591996	591.080000	76.111158
1528	107.568496	40.598677	591.165360	76.111158
1529	107.575184	40.605468	591.250800	76.111158
1530	107.581216	40.612137	591.335520	76.111158
1531	107.587584	40.618785	591.417920	76.111158
1532	107.593712	40.625366	591.504640	76.111158
1533	107.599984	40.632094	591.589120	76.111158
1534	107.605728	40.638841	591.681120	76.111158
1535	107.611728	40.645463	591.765840	76.111158
1536	107.617936	40.652210	591.846080	76.111158
1537	107.624784	40.658943	591.934800	76.111158
1538	107.630240	40.665669	592.021200	76.111158
1539	107.636192	40.672373	592.107280	76.111158
1540	107.642368	40.678979	592.194800	76.111158
1541	107.647888	40.685606	592.283520	76.111158
1542	107.654224	40.692239	592.367760	76.111158
1543	107.661040	40.698893	592.453440	76.111158
1544	107.667248	40.705503	592.538720	76.111158
1545	107.673648	40.712070	592.621120	76.111158
1546	107.680000	40.718798	592.709920	76.111158
1547	107.685792	40.725417	592.792640	76.111158
1548	107.691280	40.732153	592.877280	76.111158
1549	107.697568	40.738689	592.962800	76.111158
1550	107.703376	40.745196	593.046400	76.111158
1551	107.709376	40.751844	593.130240	76.111158
1552	107.715680	40.758462	593.216080	76.111158
1553	107.721488	40.765182	593.293760	76.111158
1554	107.727376	40.771856	593.381520	76.111158
1555	107.733376	40.778515	593.469280	76.111158
1556	107.739152	40.785124	593.551440	76.111158
1557	107.745536	40.791695	593.635280	76.111158
1558	107.751744	40.798282	593.718160	76.111158
1559	107.758128	40.804951	593.801920	76.111158
1560	107.764112	40.811544	593.884160	76.111158
1561	107.770064	40.818264	593.969920	76.111158
1562	107.776528	40.824834	594.053840	76.111158
1563	107.782576	40.831432	594.134640	76.111158
1564	107.788912	40.838005	594.216480	76.111158
1565	107.795152	40.844492	594.298800	76.111158
1566	107.800752	40.851135	594.384320	76.111158
1567	107.806512	40.857727	594.463280	76.111158
1568	107.812432	40.864216	594.545600	76.111158
1569	107.818848	40.870779	594.623680	76.111158
1570	107.824816	40.877305	594.708240	76.111158
1571	107.830752	40.883847	594.792000	76.111158
1572	107.836720	40.890303	594.873120	76.111158
1573	107.842288	40.896802	594.956240	76.111158
1574	107.848352	40.903244	595.035840	76.111158
1575	107.854208	40.909775	595.119680	76.111158
1576	107.860128	40.916355	595.201040	76.111158
1577	107.866384	40.922829	595.287760	76.111158
1578	107.872192	40.929345	595.369120	76.111158
1579	107.877744	40.935899	595.455840	76.111158
1580	107.883552	40.942467	595.536960	76.111158
1581	107.889440	40.949042	595.622880	76.111158
1582	107.894704	40.955531	595.705040	76.111158
1583	107.900592	40.961917	595.785600	76.111158
1584	107.906928	40.968374	595.870000	76.111158
1585	107.912304	40.974788	595.950480	76.111158
1586	107.917984	40.981364	596.031920	76.111158
1587	107.923664	40.987989	596.113920	76.111158
1588	107.929904	40.994525	596.194480	76.111158
1589	107.935648	41.000943	596.273920	76.111158
1590	107.941440	41.007447	596.353440	76.111158
1591	107.946912	41.013968	596.433280	76.111158
1592	107.952560	41.020351	596.514080	76.111158
1593	107.958272	41.026842	596.594480	76.111158
1594	107.964080	41.033364	596.673920	76.111158
1595	107.970480	41.039897	596.751200	76.111158
1596	107.976432	41.046371	596.827840	76.111158
1597	107.982368	41.052839	596.903760	76.111158
1598	107.988032	41.059264	596.984080	76.111158
1599	107.993328	41.065726	597.067360	76.111158
1600	107.998848	41.072147	597.148240	76.111158
1601	108.004784	41.078556	597.229200	76.111158
1602	108.010976	41.085015	597.309760	76.111158
1603	108.016800	41.091470	597.390480	76.111158
1604	108.022688	41.097896	597.472720	76.111158
1605	108.028704	41.104350	597.551840	76.111158
1606	108.034592	41.110783	597.628880	76.111158
1607	108.039328	41.117284	597.708720	76.111158
1608	108.044816	41.123794	597.787840	76.111158
1609	108.050304	41.130247	597.864960	76.111158
1610	108.056112	41.136735	597.945360	76.111158
1611	108.061728	41.143035	598.026400	76.111158
1612	108.067776	41.149528	598.102880	76.111158
1613	108.073424	41.156018	598.184000	76.111158
1614	108.078640	41.162438	598.265440	76.111158
1615	108.084144	41.168831	598.347200	76.111158
1616	108.090224	41.175308	598.421120	76.111158
1617	108.095808	41.181771	598.504320	76.111158
1618	108.101232	41.188267	598.581440	76.111158
1619	108.107264	41.194716	598.658240	76.111158
1620	108.112944	41.201001	598.740880	76.111158
1621	108.118672	41.207372	598.824960	76.111158
1622	108.124896	41.213754	598.902960	76.111158
1623	108.130336	41.220153	598.983520	76.111158
1624	108.136224	41.226556	599.061840	76.111158
1625	108.141840	41.233006	599.140080	76.111158
1626	108.147520	41.239449	599.220240	76.111158
1627	108.153392	41.245821	599.301040	76.111158
1628	108.159072	41.252250	599.378880	76.111158
1629	108.165088	41.258655	599.457760	76.111158
1630	108.170848	41.265013	599.536720	76.111158
1631	108.176368	41.271265	599.612160	76.111158
1632	108.181648	41.277619	599.690880	76.111158
1633	108.187376	41.283949	599.767200	76.111158
1634	108.192800	41.290386	599.850800	76.111158
1635	108.198464	41.296733	599.931920	76.111158
1636	108.204336	41.303079	600.012240	76.111158
1637	108.209760	41.309376	600.090960	76.111158
1638	108.215680	41.315701	600.171280	76.111158
1639	108.221104	41.322003	600.250800	76.111158
1640	108.226432	41.328218	600.327280	76.111158
1641	108.231776	41.334520	600.401840	76.111158
1642	108.237488	41.340763	600.482000	76.111158
1643	108.243088	41.347165	600.561440	76.111158
1644	108.248864	41.353525	600.640560	76.111158
1645	108.254320	41.359804	600.719200	76.111158
1646	108.259248	41.366112	600.797440	76.111158
1647	108.265280	41.372489	600.874720	76.111158
1648	108.270592	41.378807	600.950960	76.111158
1649	108.275712	41.385077	601.030160	76.111158
1650	108.280880	41.391331	601.108480	76.111158
1651	108.286624	41.397629	601.185360	76.111158
1652	108.292080	41.403867	601.262400	76.111158
1653	108.297552	41.410180	601.340240	76.111158
1654	108.303136	41.416378	601.415200	76.111158
1655	108.308576	41.422703	601.494080	76.111158
1656	108.313904	41.429095	601.568640	76.111158
1657	108.319104	41.435380	601.642880	76.111158
1658	108.324512	41.441572	601.722400	76.111158
1659	108.330368	41.447974	601.799280	76.111158
1660	108.336256	41.454197	601.874800	76.111158
1661	108.341680	41.460512	601.952720	76.111158
1662	108.346608	41.466742	602.030720	76.111158
1663	108.351936	41.473023	602.100320	76.111158
1664	108.357696	41.479292	602.179840	76.111158
1665	108.362832	41.485598	602.254080	76.111158
1666	108.368272	41.491812	602.330160	76.111158
1667	108.374032	41.498106	602.406880	76.111158
1668	108.379328	41.504429	602.483280	76.111158
1669	108.384576	41.510795	602.560560	76.111158
1670	108.389856	41.517105	602.635120	76.111158
1671	108.395536	41.523391	602.712800	76.111158
1672	108.400816	41.529598	602.789600	76.111158
1673	108.406384	41.535896	602.869520	76.111158
1674	108.412256	41.542169	602.947440	76.111158
1675	108.417616	41.548376	603.021360	76.111158
1676	108.423056	41.554636	603.096480	76.111158
1677	108.428512	41.560841	603.177520	76.111158
1678	108.433728	41.567128	603.252400	76.111158
1679	108.439680	41.573235	603.329440	76.111158
1680	108.445264	41.579530	603.404000	76.111158
1681	108.450656	41.585773	603.481360	76.111158
1682	108.456112	41.592050	603.556960	76.111158
1683	108.461856	41.598193	603.633760	76.111158
1684	108.467184	41.604428	603.706800	76.111158
1685	108.472832	41.610603	603.779120	76.111158
1686	108.478320	41.616819	603.855440	76.111158
1687	108.483632	41.623010	603.929040	76.111158
1688	108.488928	41.629322	604.004960	76.111158
1689	108.493904	41.635555	604.077920	76.111158
1690	108.499312	41.641753	604.152480	76.111158
1691	108.505408	41.648037	604.227840	76.111158
1692	108.510720	41.654212	604.302880	76.111158
1693	108.515872	41.660412	604.378080	76.111158
1694	108.520848	41.666627	604.453360	76.111158
1695	108.526224	41.672956	604.529760	76.111158
1696	108.531312	41.679232	604.600080	76.111158
1697	108.537008	41.685390	604.674240	76.111158
1698	108.541952	41.691566	604.749120	76.111158
1699	108.547008	41.697720	604.827760	76.111158
1700	108.552672	41.703882	604.902480	76.111158
1701	108.558176	41.710171	604.980320	76.111158
1702	108.563520	41.716278	605.057040	76.111158
1703	108.568832	41.722438	605.132960	76.111158
1704	108.574000	41.728633	605.207040	76.111158
1705	108.579552	41.734822	605.280240	76.111158
1706	108.584544	41.741034	605.353520	76.111158
1707	108.589296	41.747231	605.426960	76.111158
1708	108.594448	41.753507	605.501680	76.111158
1709	108.599968	41.759689	605.578320	76.111158
1710	108.604992	41.765891	605.655120	76.111158
1711	108.610512	41.772018	605.728480	76.111158
1712	108.615136	41.778127	605.802880	76.111158
1713	108.620480	41.784230	605.878240	76.111158
1714	108.625856	41.790421	605.953440	76.111158
1715	108.631280	41.796609	606.028080	76.111158
1716	108.636608	41.802837	606.102880	76.111158
1717	108.641888	41.809015	606.171200	76.111158
1718	108.647184	41.815125	606.247520	76.111158
1719	108.652608	41.821249	606.321920	76.111158
1720	108.657888	41.827390	606.393040	76.111158
1721	108.663184	41.833412	606.464880	76.111158
1722	108.668800	41.839555	606.539840	76.111158
1723	108.673936	41.845689	606.614320	76.111158
1724	108.679120	41.851762	606.687440	76.111158
1725	108.684272	41.857881	606.761920	76.111158
1726	108.689472	41.863911	606.837600	76.111158
1727	108.694720	41.870028	606.910480	76.111158
1728	108.700000	41.876136	606.981040	76.111158
1729	108.704880	41.882439	607.052560	76.111158
1730	108.710080	41.888592	607.122880	76.111158
1731	108.715184	41.894751	607.197760	76.111158
1732	108.720704	41.900816	607.271760	76.111158
1733	108.725920	41.906990	607.345600	76.111158
1734	108.731056	41.913173	607.418800	76.111158
1735	108.736304	41.919326	607.493920	76.111158
1736	108.741424	41.925470	607.563520	76.111158
1737	108.746720	41.931522	607.637280	76.111158
1738	108.751904	41.937602	607.708960	76.111158
1739	108.757520	41.943666	607.779520	76.111158
1740	108.762560	41.949776	607.854560	76.111158
1741	108.768240	41.955863	607.930400	76.111158
1742	108.773664	41.961953	608.003440	76.111158
1743	108.778768	41.968019	608.075120	76.111158
1744	108.784096	41.974221	608.149920	76.111158
1745	108.789408	41.980338	608.221520	76.111158
1746	108.794576	41.986373	608.292720	76.111158
1747	108.799904	41.992468	608.364320	76.111158
1748	108.805216	41.998653	608.436080	76.111158
1749	108.810880	42.004737	608.509040	76.111158
1750	108.816064	42.010791	608.581040	76.111158
1751	108.821264	42.016879	608.655680	76.111158
1752	108.826144	42.022905	608.730080	76.111158
1753	108.831264	42.029004	608.803360	76.111158
1754	108.836768	42.035008	608.870160	76.111158
1755	108.842048	42.041183	608.937120	76.111158
1756	108.847712	42.047255	609.004880	76.111158
1757	108.853024	42.053364	609.074640	76.111158
1758	108.858112	42.059370	609.140960	76.111158
1759	108.863440	42.065422	609.210560	76.111158
1760	108.869184	42.071420	609.281920	76.111158
1761	108.874304	42.077555	609.353200	76.111158
1762	108.879472	42.083627	609.426880	76.111158
1763	108.885520	42.089620	609.499840	76.111158
1764	108.890704	42.095657	609.570400	76.111158
1765	108.896080	42.101705	609.645360	76.111158
1766	108.901536	42.107849	609.717360	76.111158
1767	108.906944	42.113914	609.789520	76.111158
1768	108.911824	42.119942	609.858240	76.111158
1769	108.917024	42.125925	609.930240	76.111158
1770	108.922208	42.131900	610.000800	76.111158
1771	108.927728	42.137895	610.073200	76.111158
1772	108.933408	42.143930	610.139440	76.111158
1773	108.938384	42.149878	610.209600	76.111158
1774	108.943840	42.155879	610.283600	76.111158
1775	108.949136	42.161921	610.352240	76.111158
1776	108.954528	42.167786	610.423840	76.111158
1777	108.959744	42.173712	610.497440	76.111158
1778	108.965120	42.179670	610.567680	76.111158
1779	108.970080	42.185717	610.635680	76.111158
1780	108.975648	42.191674	610.704720	76.111158
1781	108.980544	42.197632	610.771520	76.111158
1782	108.986048	42.203611	610.845840	76.111158
1783	108.990848	42.209560	610.912960	76.111158
1784	108.995920	42.215625	610.979760	76.111158
1785	109.001296	42.221623	611.046720	76.111158
1786	109.006672	42.227622	611.120400	76.111158
1787	109.011520	42.233622	611.191040	76.111158
1788	109.016384	42.239565	611.261600	76.111158
1789	109.021632	42.245630	611.332240	76.111158
1790	109.026976	42.251673	611.403840	76.111158
1791	109.031600	42.257623	611.468480	76.111158
1792	109.036496	42.263676	611.539440	76.111158
1793	109.041136	42.269641	611.606320	76.111158
1794	109.046256	42.275596	611.680560	76.111158
1795	109.051248	42.281680	611.754800	76.111158
1796	109.056592	42.287671	611.824720	76.111158
1797	109.061648	42.293682	611.894240	76.111158
1798	109.066976	42.299627	611.966160	76.111158
1799	109.071872	42.305612	612.033280	76.111158
1800	109.077024	42.311564	612.101280	76.111158
1801	109.082208	42.317470	612.170320	76.111158
1802	109.087360	42.323453	612.237520	76.111158
1803	109.092272	42.329389	612.308880	76.111158
1804	109.097472	42.335354	612.375840	76.111158
1805	109.102208	42.341312	612.442480	76.111158
1806	109.106928	42.347259	612.514880	76.111158
1807	109.111808	42.353204	612.586320	76.111158
1808	109.116480	42.359157	612.654480	76.111158
1809	109.121568	42.365058	612.723680	76.111158
1810	109.126544	42.371042	612.792480	76.111158
1811	109.131632	42.376998	612.860080	76.111158
1812	109.136368	42.382950	612.929360	76.111158
1813	109.141872	42.388987	612.993040	76.111158
1814	109.146912	42.394947	613.059040	76.111158
1815	109.151376	42.400981	613.130560	76.111158
1816	109.156480	42.406983	613.200240	76.111158
1817	109.161488	42.412979	613.268240	76.111158
1818	109.166640	42.418903	613.334960	76.111158
1819	109.171856	42.424883	613.402400	76.111158
1820	109.177120	42.430827	613.470080	76.111158
1821	109.182160	42.436754	613.536800	76.111158
1822	109.187056	42.442653	613.607200	76.111158
1823	109.191680	42.448650	613.673600	76.111158
1824	109.196528	42.454536	613.743520	76.111158
1825	109.201360	42.460427	613.813840	76.111158
1826	109.206432	42.466296	613.880960	76.111158
1827	109.211040	42.472187	613.950000	76.111158
1828	109.216432	42.478113	614.020480	76.111158
1829	109.221568	42.484006	614.087200	76.111158
1830	109.226608	42.489946	614.155840	76.111158
1831	109.231648	42.495892	614.222240	76.111158
1832	109.236848	42.501736	614.288640	76.111158
1833	109.241696	42.507722	614.355440	76.111158
1834	109.246800	42.513666	614.423200	76.111158
1835	109.251904	42.519659	614.493600	76.111158
1836	109.256528	42.525511	614.561440	76.111158
1837	109.261232	42.531419	614.626800	76.111158
1838	109.266240	42.537325	614.694560	76.111158
1839	109.271088	42.543227	614.764240	76.111158
1840	109.276240	42.549074	614.831440	76.111158
1841	109.280864	42.554973	614.900880	76.111158
1842	109.285712	42.560848	614.964320	76.111158
1843	109.291024	42.566737	615.031920	76.111158
1844	109.296560	42.572672	615.100960	76.111158
1845	109.301232	42.578642	615.166800	76.111158
1846	109.305936	42.584528	615.230800	76.111158
1847	109.310736	42.590302	615.296880	76.111158
1848	109.316048	42.596235	615.361600	76.111158
1849	109.320640	42.602054	615.433360	76.111158
1850	109.325536	42.607876	615.498720	76.111158
1851	109.330272	42.613764	615.568880	76.111158
1852	109.334624	42.619563	615.632560	76.111158
1853	109.339408	42.625492	615.698480	76.111158
1854	109.344192	42.631391	615.765840	76.111158
1855	109.348912	42.637300	615.834640	76.111158
1856	109.353536	42.643173	615.900800	76.111158
1857	109.358384	42.649106	615.968240	76.111158
1858	109.362896	42.654987	616.035280	76.111158
1859	109.367840	42.660861	616.105040	76.111158
1860	109.372896	42.666657	616.170480	76.111158
1861	109.377664	42.672551	616.240720	76.111158
1862	109.382624	42.678454	616.306800	76.111158
1863	109.387184	42.684408	616.373600	76.111158
1864	109.392208	42.690344	616.440000	76.111158
1865	109.396816	42.696133	616.503840	76.111158
1866	109.401600	42.702041	616.573360	76.111158
1867	109.406656	42.707921	616.635200	76.111158
1868	109.411616	42.713751	616.702240	76.111158
1869	109.416496	42.719746	616.768320	76.111158
1870	109.421360	42.725565	616.832320	76.111158
1871	109.426208	42.731433	616.900240	76.111158
1872	109.430608	42.737272	616.969360	76.111158
1873	109.435584	42.743101	617.036800	76.111158
1874	109.439824	42.748996	617.102080	76.111158
1875	109.444864	42.754869	617.164560	76.111158
1876	109.449696	42.760716	617.230480	76.111158
1877	109.454320	42.766506	617.301360	76.111158
1878	109.458976	42.772342	617.368400	76.111158
1879	109.463856	42.778163	617.433840	76.111158
1880	109.468464	42.784030	617.501040	76.111158
1881	109.472864	42.789773	617.563120	76.111158
1882	109.477040	42.795624	617.632320	76.111158
1883	109.481456	42.801424	617.694080	76.111158
1884	109.485776	42.807217	617.758640	76.111158
1885	109.491008	42.813014	617.826560	76.111158
1886	109.495776	42.818794	617.889680	76.111158
1887	109.500400	42.824590	617.958320	76.111158
1888	109.504752	42.830380	618.028640	76.111158
1889	109.508848	42.836233	618.094880	76.111158
1890	109.513824	42.842144	618.161920	76.111158
1891	109.518368	42.847945	618.227600	76.111158
1892	109.522928	42.853723	618.292960	76.111158
1893	109.527872	42.859506	618.356240	76.111158
1894	109.532432	42.865338	618.417280	76.111158
1895	109.537152	42.871090	618.479040	76.111158
1896	109.541728	42.876901	618.545760	76.111158
1897	109.546144	42.882774	618.609600	76.111158
1898	109.551072	42.888633	618.675440	76.111158
1899	109.555584	42.894404	618.737760	76.111158
1900	109.560320	42.900265	618.801520	76.111158
1901	109.564656	42.906036	618.869600	76.111158
1902	109.569648	42.911875	618.936240	76.111158
1903	109.574000	42.917715	619.003920	76.111158
1904	109.578432	42.923512	619.066800	76.111158
1905	109.583104	42.929273	619.131360	76.111158
1906	109.587728	42.935095	619.196480	76.111158
1907	109.592320	42.940991	619.260880	76.111158
1908	109.597296	42.946793	619.323520	76.111158
1909	109.601568	42.952675	619.387600	76.111158
1910	109.606176	42.958437	619.449920	76.111158
1911	109.610512	42.964190	619.516080	76.111158
1912	109.615216	42.969978	619.581760	76.111158
1913	109.619376	42.975760	619.644560	76.111158
1914	109.623744	42.981524	619.708320	76.111158
1915	109.628464	42.987304	619.774560	76.111158
1916	109.632928	42.993097	619.837200	76.111158
1917	109.637536	42.998885	619.903200	76.111158
1918	109.641904	43.004664	619.966320	76.111158
1919	109.646224	43.010449	620.034240	76.111158
1920	109.651312	43.016189	620.101440	76.111158
1921	109.655968	43.021933	620.166560	76.111158
1922	109.660928	43.027710	620.232800	76.111158
1923	109.665488	43.033476	620.297120	76.111158
1924	109.670432	43.039206	620.362880	76.111158
1925	109.674688	43.045070	620.429920	76.111158
1926	109.679216	43.050877	620.490800	76.111158
1927	109.683904	43.056678	620.556960	76.111158
1928	109.688672	43.062501	620.620160	76.111158
1929	109.693424	43.068217	620.680640	76.111158
1930	109.698016	43.074002	620.744560	76.111158
1931	109.702496	43.079793	620.809680	76.111158
1932	109.707184	43.085618	620.871840	76.111158
1933	109.712144	43.091292	620.934160	76.111158
1934	109.716848	43.097057	620.998160	76.111158
1935	109.721504	43.102769	621.063360	76.111158
1936	109.725920	43.108494	621.127440	76.111158
1937	109.730752	43.114216	621.192160	76.111158
1938	109.735200	43.119916	621.253760	76.111158
1939	109.739648	43.125685	621.316560	76.111158
1940	109.744272	43.131498	621.378720	76.111158
1941	109.748464	43.137272	621.442160	76.111158
1942	109.752672	43.142993	621.506320	76.111158
1943	109.757344	43.148722	621.566640	76.111158
1944	109.761856	43.154471	621.632080	76.111158
1945	109.766560	43.160225	621.692560	76.111158
1946	109.771536	43.165957	621.755760	76.111158
1947	109.776480	43.171726	621.817360	76.111158
1948	109.780896	43.177374	621.884560	76.111158
1949	109.785040	43.183082	621.949440	76.111158
1950	109.789792	43.188782	622.013120	76.111158
1951	109.794000	43.194547	622.073440	76.111158
1952	109.798560	43.200203	622.139120	76.111158
1953	109.803680	43.205897	622.203440	76.111158
1954	109.808560	43.211674	622.262320	76.111158
1955	109.812832	43.217332	622.325280	76.111158
1956	109.817648	43.222979	622.385280	76.111158
1957	109.822416	43.228729	622.447680	76.111158
1958	109.826720	43.234358	622.510000	76.111158
1959	109.831216	43.240082	622.570640	76.111158
1960	109.836160	43.245774	622.636160	76.111158
1961	109.840720	43.251527	622.698960	76.111158
1962	109.844912	43.257229	622.758480	76.111158
1963	109.849360	43.262925	622.822320	76.111158
1964	109.853984	43.268637	622.888160	76.111158
1965	109.858400	43.274342	622.946400	76.111158
1966	109.862816	43.280068	623.011760	76.111158
1967	109.867216	43.285802	623.074400	76.111158
1968	109.871824	43.291460	623.135840	76.111158
1969	109.876288	43.297183	623.195120	76.111158
1970	109.880960	43.302913	623.253920	76.111158
1971	109.885792	43.308623	623.315840	76.111158
1972	109.890624	43.314315	623.377040	76.111158
1973	109.895280	43.320064	623.438880	76.111158
1974	109.899760	43.325706	623.501200	76.111158
1975	109.904640	43.331371	623.565680	76.111158
1976	109.909072	43.337035	623.624400	76.111158
1977	109.912912	43.342663	623.689840	76.111158
1978	109.917488	43.348385	623.750320	76.111158
1979	109.921920	43.353971	623.810560	76.111158
1980	109.926560	43.359602	623.874160	76.111158
1981	109.931184	43.365294	623.935920	76.111158
1982	109.935248	43.370954	623.997120	76.111158
1983	109.939728	43.376635	624.058080	76.111158
1984	109.943920	43.382308	624.120400	76.111158
1985	109.948688	43.387953	624.182480	76.111158
1986	109.953088	43.393626	624.242640	76.111158
1987	109.957584	43.399329	624.305440	76.111158
1988	109.962288	43.404994	624.367680	76.111158
1989	109.966672	43.410585	624.428720	76.111158
1990	109.971168	43.416235	624.486960	76.111158
1991	109.975792	43.421971	624.548640	76.111158
1992	109.980224	43.427609	624.613920	76.111158
1993	109.984768	43.433299	624.675120	76.111158
1994	109.988816	43.438971	624.738400	76.111158
1995	109.992864	43.444651	624.802000	76.111158
1996	109.997200	43.450273	624.861760	76.111158
1997	110.001488	43.455911	624.918800	76.111158
1998	110.005936	43.461488	624.983120	76.111158
1999	110.010672	43.467193	625.044000	76.111158
